EmployeeID,PerformanceID,EnvironmentSatisfaction,JobSatisfaction,RelationshipSatisfaction,TrainingOpportunitiesWithinYear,TrainingOpportunitiesTaken,WorkLifeBalance,SelfRating,ManagerRating
3012-1A41,PR01,5,4,5,1,0,4,4,4
CBCB-9C9D,PR02,5,4,4,1,3,4,4,3
95D7-1CE9,PR03,3,4,5,3,2,3,5,4
47A0-559B,PR04,5,3,2,2,0,2,3,2
42CC-040A,PR05,5,2,3,1,0,4,4,3
C219-6C2E,PR06,3,3,2,2,0,4,4,4
D906-B674,PR07,3,4,5,2,1,5,4,3
3C7D-86ED,PR08,4,5,4,1,1,3,3,2
3D71-8DC2,PR09,4,5,2,1,1,4,5,4
5476-CA0D,PR10,5,4,3,2,3,4,5,4
73CF-4956,PR100,4,3,3,2,0,4,3,3
277A-A6FA,PR1000,4,4,2,2,2,4,5,5
8BAB-B4A6,PR1001,3,5,3,2,2,3,5,5
111D-E5EF,PR1002,4,3,3,2,2,2,4,3
97F4-0B14,PR1003,3,5,4,1,0,5,5,5
5C03-1009,PR1004,3,4,3,2,3,2,4,4
BD1B-53A3,PR1005,3,4,2,3,1,4,5,5
DFA9-990E,PR1006,5,4,2,1,1,2,3,3
ED73-F078,PR1007,5,4,3,3,2,3,4,3
C6EC-FEB5,PR1008,5,4,2,2,0,4,4,3
D7EE-56FC,PR1009,3,3,4,2,1,2,3,3
C395-8C36,PR101,5,2,5,1,0,5,5,4
E348-E12B,PR1010,4,2,3,3,0,2,4,4
B3AF-7E58,PR1011,4,2,5,1,2,2,5,5
469A-8121,PR1012,3,4,3,2,0,4,5,4
9E22-6287,PR1013,3,5,3,1,1,4,3,3
D5DA-363A,PR1014,3,3,3,2,1,5,5,5
BFF3-AADC,PR1015,5,3,2,2,0,5,5,4
C0BE-FED0,PR1016,3,5,3,3,0,2,3,3
D565-284D,PR1017,4,3,4,2,1,5,4,3
00D4-DD53,PR1018,3,4,4,1,2,3,4,3
7FFD-C810,PR1019,4,4,2,2,1,5,5,4
07B2-D67A,PR102,3,3,3,3,1,5,3,3
1749-81A2,PR1020,3,3,5,3,0,3,5,4
FF14-A43E,PR1021,4,4,3,2,0,4,5,4
3CD6-5587,PR1022,3,5,4,3,2,5,3,3
4FC2-A40D,PR1023,5,4,2,2,0,2,4,3
9AAB-DCD0,PR1024,5,2,5,1,1,2,5,4
427A-8C69,PR1025,5,3,2,2,0,2,4,3
A923-9EF6,PR1026,3,4,5,3,2,5,3,2
5C61-8F3A,PR1027,4,2,2,2,1,4,4,4
CF2F-8CA3,PR1028,4,4,5,3,1,4,5,4
40A9-8EB0,PR1029,5,5,3,3,0,3,4,3
2E72-4BF1,PR103,3,2,5,3,1,5,4,4
EE39-C8F2,PR1030,5,4,5,2,1,4,5,5
C0C7-A3EF,PR1031,4,2,4,2,2,3,5,5
79F3-8AA5,PR1032,5,5,5,3,0,4,3,2
9528-AA17,PR1033,5,3,5,3,1,2,4,4
9C71-34AE,PR1034,3,2,3,3,2,4,4,3
C79A-E5E1,PR1035,3,3,2,1,0,2,3,2
5468-EEE1,PR1036,3,5,3,2,0,2,5,5
B50B-5A18,PR1037,3,3,5,2,1,2,4,4
11AE-3E4D,PR1038,4,4,2,3,1,2,4,3
151D-1FF2,PR1039,4,5,4,2,1,2,3,2
D584-4E31,PR104,3,4,4,3,1,5,3,2
0FC8-561B,PR1040,5,4,2,2,0,2,5,4
A531-8159,PR1041,5,3,2,1,1,4,3,3
E7A6-33A3,PR1042,4,5,3,3,0,5,5,4
E4F4-11B9,PR1043,5,2,2,2,2,4,3,2
586E-5C14,PR1044,3,3,4,1,1,3,3,2
8A40-C85A,PR1045,3,3,4,1,2,5,4,4
2B08-7D3D,PR1046,4,4,4,1,3,3,4,3
C96F-0F3B,PR1047,5,5,5,1,3,2,5,5
9DFE-1FD5,PR1048,3,2,5,1,2,5,5,4
C0A1-EB7D,PR1049,5,5,3,1,0,3,3,3
5731-90E6,PR105,3,5,2,3,0,3,4,3
FD3F-5255,PR1050,4,5,2,1,0,2,4,4
132B-F2B2,PR1051,3,4,4,3,1,4,3,3
9DB2-76B3,PR1052,5,2,4,3,0,4,3,2
4969-9A35,PR1053,3,5,3,3,1,4,5,5
0CED-EE28,PR1054,3,2,2,1,1,2,3,2
D077-169C,PR1055,5,5,5,3,2,3,3,2
63DA-AA21,PR1056,5,4,4,3,0,5,5,4
ACA9-5DC2,PR1057,5,4,3,2,2,4,5,4
12B5-11CC,PR1058,5,3,3,3,1,4,5,4
00A3-2445,PR1059,4,3,2,1,1,3,5,5
076F-8AA3,PR106,3,4,5,3,3,5,5,5
3F19-FC5A,PR1060,5,3,2,2,3,2,3,3
8233-2483,PR1061,5,2,4,3,0,4,5,5
1C87-44CB,PR1062,4,5,2,1,0,2,4,3
6345-2F33,PR1063,3,5,2,2,1,2,5,5
A2FB-2D5D,PR1064,4,5,4,3,0,3,4,3
E5C1-B122,PR1065,3,5,5,3,0,2,3,2
462E-03DF,PR1066,4,5,4,2,0,2,3,2
C2DD-9D37,PR1067,4,2,2,3,1,2,3,3
AEDB-BB62,PR1068,4,5,2,2,1,3,4,4
88B8-EB84,PR1069,4,4,2,1,0,4,3,2
8822-B9C5,PR107,5,4,5,2,0,4,3,3
E8F5-C47D,PR1070,5,5,2,2,1,4,5,5
D696-9D82,PR1071,4,5,2,1,2,4,3,2
BE93-0736,PR1072,4,2,2,2,0,4,5,4
0322-D46B,PR1073,5,5,4,2,2,5,5,4
1E61-70EC,PR1074,3,5,3,1,0,4,3,2
5222-EBE1,PR1075,4,2,2,1,0,4,5,4
DEBE-1622,PR1076,5,3,3,1,0,3,4,3
A366-C17A,PR1077,5,5,2,1,1,3,5,4
2962-039F,PR1078,3,2,4,3,2,5,3,3
21CB-EF3E,PR1079,3,2,3,2,1,3,5,4
9727-BC84,PR108,5,2,5,3,1,5,5,5
68FB-06A7,PR1080,5,2,5,3,1,3,3,2
74F2-5C55,PR1081,3,5,4,1,3,5,5,4
085C-7FC2,PR1082,5,5,3,1,2,3,4,4
AB5F-244C,PR1083,4,4,4,1,0,5,5,4
55D6-1423,PR1084,5,5,4,2,0,4,3,2
58C8-63FA,PR1085,5,2,3,3,0,2,3,2
87D2-8B67,PR1086,4,3,5,3,2,4,3,3
9FE1-0345,PR1087,3,2,3,3,0,3,3,3
EBBD-37D4,PR1088,4,5,2,2,2,5,4,3
9F65-F612,PR1089,4,5,2,3,0,3,4,3
152E-8DB1,PR109,3,4,4,3,1,2,4,4
3994-472A,PR1090,1,4,3,3,1,1,3,2
02DA-7A72,PR1091,3,4,4,1,2,1,5,5
E1B4-9AA1,PR1092,2,1,1,3,0,3,3,3
8567-5B27,PR1093,1,4,2,1,2,3,3,2
5237-1B85,PR1094,4,2,2,2,2,1,3,3
F93D-CB5A,PR1095,4,2,4,1,1,2,4,4
B785-D8F8,PR1096,1,4,2,1,1,4,5,5
A9EB-9E41,PR1097,3,4,4,2,0,3,5,5
C25C-C434,PR1098,1,1,1,1,3,3,4,4
F265-79B0,PR1099,2,4,1,1,2,2,4,4
9E7A-1F70,PR11,5,5,2,2,0,2,5,5
D199-1896,PR110,4,3,4,3,1,4,4,4
9AAD-D3C1,PR1100,3,4,3,2,1,3,4,3
9D7B-9B37,PR1101,3,2,2,2,2,4,5,4
E9B9-3944,PR1102,3,3,2,2,2,5,5,4
4CCA-B1E6,PR1103,3,4,2,1,0,5,3,2
A4A4-F49C,PR1104,3,2,4,1,0,5,3,3
FE2B-3DC7,PR1105,5,5,5,1,0,4,5,4
C6D7-A568,PR1106,3,2,5,2,0,4,3,2
3560-C117,PR1107,4,3,2,1,0,5,3,2
9169-FC4B,PR1108,5,3,5,2,2,5,5,5
49B2-0364,PR1109,4,3,5,1,0,2,5,4
4404-DE5A,PR111,3,4,5,3,0,4,3,3
F9B6-C80B,PR1110,5,4,5,3,0,3,4,4
B1EC-849B,PR1111,5,3,3,1,2,3,4,4
7B98-EA6F,PR1112,4,3,2,3,2,5,3,2
C385-CDBE,PR1113,4,2,2,2,0,2,5,5
64D6-0D5F,PR1114,3,3,5,3,0,5,3,3
9085-1FE8,PR1115,3,2,5,3,1,4,4,4
9728-1A5B,PR1116,4,3,5,3,1,2,5,5
3EB2-9111,PR1117,3,2,2,2,1,4,4,4
C330-DAF4,PR1118,4,3,3,3,1,3,5,5
041A-31B0,PR1119,5,4,3,3,3,4,5,5
8EE9-E86D,PR112,5,2,4,3,0,5,5,4
692B-7152,PR1120,3,4,4,1,1,4,4,3
022A-0219,PR1121,3,3,2,1,2,4,4,3
2F85-AF81,PR1122,4,4,3,1,0,3,5,5
DFE3-6FA7,PR1123,3,3,5,3,2,5,5,4
5B08-EF96,PR1124,5,4,4,2,2,5,3,2
52DD-757F,PR1125,4,3,2,1,2,3,4,4
E7D3-03C9,PR1126,4,5,2,1,0,3,5,4
7C80-94E0,PR1127,5,4,2,1,1,5,4,3
EE04-1533,PR1128,5,2,2,2,1,3,4,3
67ED-A630,PR1129,4,3,3,1,2,2,4,3
D351-C7E4,PR113,3,3,2,1,2,2,3,2
86E2-73D1,PR1130,4,3,3,2,1,5,4,3
8583-9174,PR1131,3,5,2,1,0,4,5,4
6176-3BEE,PR1132,3,3,5,3,0,2,3,3
AF58-5D1B,PR1133,5,4,3,2,0,3,5,5
16FB-8835,PR1134,4,2,2,2,1,2,3,3
A71E-A9DC,PR1135,3,4,5,2,0,4,4,3
CC2F-670E,PR1136,3,2,5,1,2,5,4,4
67D7-9785,PR1137,5,3,3,3,1,3,5,5
F662-DEA5,PR1138,5,5,2,1,0,3,4,4
59DB-8465,PR1139,3,2,3,1,0,4,5,4
96F4-896C,PR114,4,5,3,1,0,3,3,2
8026-658D,PR1140,5,2,2,3,0,2,4,3
F997-FE6C,PR1141,3,2,4,1,1,2,5,5
0C23-26DD,PR1142,3,3,4,2,1,3,4,4
7B9D-8612,PR1143,5,2,5,2,3,5,4,3
B3FE-D332,PR1144,4,5,3,1,1,5,4,4
1054-9C3B,PR1145,3,2,5,2,0,3,5,5
1217-CE30,PR1146,3,4,2,3,2,5,4,3
4500-37EB,PR1147,3,3,3,3,3,2,4,4
AB03-8820,PR1148,5,2,4,1,2,4,5,4
DF11-9C46,PR1149,3,2,3,1,1,4,3,3
9937-CDF7,PR115,5,2,5,2,1,4,4,4
2BEA-43B2,PR1150,3,3,4,2,0,4,4,4
0DBC-596E,PR1151,5,5,4,1,0,5,5,4
B09D-DFEC,PR1152,4,3,2,1,1,3,3,3
8ED3-4377,PR1153,4,5,3,3,2,4,3,2
C525-8BB9,PR1154,3,3,3,1,1,4,3,3
1F0F-458C,PR1155,5,5,4,2,1,5,3,2
9D3C-DA45,PR1156,4,5,2,2,0,5,5,4
D13E-E661,PR1157,5,2,3,2,2,5,5,5
618D-7685,PR1158,5,5,2,3,3,4,5,5
9825-45EF,PR1159,3,5,5,3,0,4,5,5
1609-65E1,PR116,3,3,5,1,2,4,5,4
6965-C170,PR1160,5,5,4,1,0,3,4,3
F523-1135,PR1161,3,5,3,1,1,4,5,4
465A-91D1,PR1162,4,4,3,1,2,5,3,3
2B7A-9C73,PR1163,3,2,3,2,1,2,3,2
A2B5-823F,PR1164,4,5,4,1,2,3,4,3
F838-C681,PR1165,4,5,4,2,2,5,4,3
7F91-C628,PR1166,4,4,5,3,0,5,3,3
565B-C207,PR1167,3,2,4,1,0,3,3,3
4DA0-81D7,PR1168,4,3,5,1,2,4,5,4
5818-560C,PR1169,4,4,3,1,2,5,4,4
1363-6BF9,PR117,4,5,3,1,0,5,5,4
05B0-755F,PR1170,5,3,3,3,1,4,4,4
4C62-5BE8,PR1171,4,4,3,1,1,5,3,2
2523-EFD4,PR1172,4,2,5,3,0,4,3,3
21B3-8491,PR1173,3,3,4,1,0,5,5,4
F3CD-9B5B,PR1174,3,2,3,3,1,2,4,3
DCFE-F601,PR1175,3,4,3,1,2,4,4,4
DD78-E811,PR1176,5,5,5,2,1,2,3,3
45D2-369E,PR1177,4,5,5,2,0,3,4,4
0D8F-C0F3,PR1178,5,5,4,3,0,3,5,5
6FE1-C8A8,PR1179,4,4,3,1,1,4,3,3
AB81-A3A0,PR118,3,2,2,1,1,5,4,3
6E7B-D50D,PR1180,5,4,2,3,1,4,5,4
307F-9BFA,PR1181,3,4,2,1,1,5,4,4
7F1C-20B8,PR1182,4,4,3,3,0,4,5,5
606E-A262,PR1183,3,4,5,3,0,5,3,3
F890-975A,PR1184,4,3,5,1,0,2,5,5
9C57-828C,PR1185,4,2,4,3,0,4,3,3
8CF6-3079,PR1186,3,2,2,3,2,5,5,4
5021-95FC,PR1187,5,3,5,3,1,3,4,4
CD0F-DE05,PR1188,4,3,3,2,2,2,3,3
F430-0404,PR1189,3,2,2,1,2,4,3,3
1F12-DDDA,PR119,5,2,2,1,0,4,3,2
BFE7-5EA8,PR1190,5,3,2,3,1,5,3,2
549F-B3E7,PR1191,3,2,5,3,1,4,5,4
B303-8962,PR1192,3,2,3,3,1,3,3,2
B48C-47D0,PR1193,5,5,3,3,0,3,3,2
CD4D-7BBA,PR1194,3,5,3,3,1,4,4,4
7349-CCE0,PR1195,4,3,5,1,1,3,4,4
4316-C080,PR1196,5,2,3,2,0,2,5,5
279C-7342,PR1197,5,4,4,3,1,5,4,3
819A-2C9C,PR1198,3,3,4,1,1,2,3,3
9811-F345,PR1199,3,3,3,2,1,3,5,4
A954-6310,PR12,5,2,3,2,0,3,3,2
8ACE-C5CE,PR120,3,4,2,3,1,2,3,2
8365-EB74,PR1200,5,3,4,2,0,2,3,3
2A04-49D1,PR1201,5,2,2,2,2,5,5,4
52CC-3E9E,PR1202,5,4,3,3,1,3,4,4
5B0E-31FB,PR1203,3,4,3,1,1,5,5,4
ED49-73D3,PR1204,3,2,4,1,0,3,4,3
B013-7D0C,PR1205,4,5,2,1,0,3,5,4
134B-4157,PR1206,5,4,4,2,1,5,4,4
AB4A-E71A,PR1207,3,4,2,2,0,5,5,5
03EF-5904,PR1208,5,3,2,1,1,4,5,4
0C7B-2EA6,PR1209,3,2,4,2,1,3,3,2
1D35-190A,PR121,3,5,5,2,0,2,5,5
0868-097F,PR1210,4,4,2,3,3,3,5,5
4B6E-3C21,PR1211,3,2,2,1,0,3,3,3
46ED-4007,PR1212,3,4,4,2,3,5,5,4
2E9A-BD2E,PR1213,3,3,2,2,0,5,4,4
CEE0-94C3,PR1214,3,2,5,1,1,5,4,4
A690-3D5D,PR1215,4,5,5,3,2,4,5,5
7335-4656,PR1216,5,2,3,1,1,5,4,4
327B-F6D3,PR1217,5,5,4,1,1,5,4,3
AA87-13D8,PR1218,4,3,3,3,0,4,3,3
56A5-271B,PR1219,4,4,3,3,3,5,3,3
528C-3E0D,PR122,4,5,4,1,3,2,5,4
7A8C-2DD3,PR1220,3,2,5,2,1,4,5,4
4886-62DF,PR1221,4,2,3,2,1,5,3,3
64BA-99F0,PR1222,3,4,4,1,1,3,4,4
7EE7-2C43,PR1223,3,4,5,1,1,3,5,5
B990-35DA,PR1224,5,4,4,1,1,4,3,2
6CAD-47F0,PR1225,4,3,5,3,0,4,5,4
C730-6B13,PR1226,5,4,5,2,3,2,3,2
38EB-ADBD,PR1227,3,5,2,2,1,2,4,3
774E-685D,PR1228,5,5,2,1,0,2,3,3
CF8D-7379,PR1229,3,2,5,1,2,3,5,5
D836-B375,PR123,5,4,4,3,0,4,5,5
60B5-48ED,PR1230,3,3,2,3,1,5,3,3
211E-BC82,PR1231,5,2,4,3,1,5,5,5
C54B-DBC5,PR1232,5,2,5,2,0,5,4,4
6F3E-2A75,PR1233,4,3,4,1,0,5,5,4
C1C6-F683,PR1234,3,5,4,2,0,3,3,2
8663-3E02,PR1235,5,3,5,2,1,4,3,2
FBC2-C5FA,PR1236,4,5,4,3,0,3,4,4
B52E-BF41,PR1237,5,5,4,3,1,3,4,3
D6A7-EF72,PR1238,5,5,4,1,1,2,4,4
12F7-BCBB,PR1239,3,2,2,1,0,2,4,4
1359-BEE3,PR124,4,5,4,3,0,4,5,4
1C24-233B,PR1240,4,3,3,2,0,3,3,3
DE6C-86FC,PR1241,4,2,4,3,3,5,5,4
637B-DBAD,PR1242,4,4,2,3,3,4,3,2
79F7-78EC,PR1243,4,5,5,1,0,4,4,4
E324-1C33,PR1244,3,5,5,3,1,4,3,3
81BE-17CD,PR1245,3,5,4,3,0,3,4,3
2C7D-F9F1,PR1246,3,5,3,2,3,5,4,4
0F83-39C1,PR1247,3,2,3,3,1,2,4,3
A91B-7DC5,PR1248,3,5,3,2,2,2,3,3
825E-0B3A,PR1249,4,2,5,3,0,3,5,5
D2BE-E6F6,PR125,5,4,5,1,0,4,4,4
C025-B8B6,PR1250,5,5,3,3,1,4,5,4
F4D2-F6F2,PR1251,4,4,5,2,1,3,4,3
F72D-261D,PR1252,5,2,2,1,3,3,5,5
A807-DE5D,PR1253,5,5,4,1,0,2,5,4
CBB3-0D7E,PR1254,3,5,5,1,3,2,5,4
2551-DD9B,PR1255,5,5,2,2,3,2,3,2
D39D-4015,PR1256,4,5,5,2,0,2,3,3
0697-ADC3,PR1257,3,3,5,3,3,3,3,2
6112-8476,PR1258,5,2,5,1,1,2,3,3
7378-5351,PR1259,5,4,2,3,0,3,5,4
D69C-8F84,PR126,5,4,3,3,0,4,3,3
CACA-0D62,PR1260,4,4,4,2,0,5,3,3
F93E-BDEF,PR1261,5,2,5,2,1,4,5,4
0145-DBFC,PR1262,4,5,2,2,1,4,5,4
CD59-7F94,PR1263,4,5,4,2,1,4,3,3
7B47-C915,PR1264,4,2,4,1,0,4,3,2
15B3-F392,PR1265,4,5,3,2,0,2,4,4
9D01-8A02,PR1266,3,4,4,2,1,3,5,5
2F98-E645,PR1267,4,4,4,2,1,5,4,4
A31A-A90C,PR1268,5,4,5,2,2,3,5,5
80BE-E2B5,PR1269,4,3,5,2,2,4,4,3
F98B-61B3,PR127,5,2,5,2,2,5,3,3
6A0D-9C4D,PR1270,3,5,3,3,1,5,4,3
4D7E-BDA4,PR1271,4,5,2,1,3,3,3,3
6E64-8D30,PR1272,4,4,4,2,1,4,5,4
B341-8D6A,PR1273,3,2,2,1,2,2,5,5
1180-BEC9,PR1274,3,4,2,2,2,2,3,3
5293-AC5C,PR1275,3,5,3,2,2,5,4,3
D49C-096C,PR1276,5,5,3,1,1,4,5,5
4565-62DE,PR1277,5,4,3,3,1,4,3,3
CCAB-4B80,PR1278,4,5,4,2,2,4,3,3
58FA-C451,PR1279,5,2,5,2,2,3,5,4
D921-AC35,PR128,3,3,2,1,1,2,4,3
B4E1-4A3E,PR1280,4,4,5,2,1,2,5,4
541F-3E19,PR1281,3,3,2,1,1,3,3,2
6FE3-2270,PR1282,5,3,4,1,0,2,4,3
29F6-C6CA,PR1283,3,2,5,3,0,3,5,5
9900-1159,PR1284,4,4,2,1,2,3,5,5
D926-DED9,PR1285,5,2,2,3,1,5,3,2
4A39-E8E6,PR1286,5,4,3,2,2,5,3,2
B0C3-E578,PR1287,3,5,2,1,1,5,3,2
F9E1-87E9,PR1288,3,2,2,3,3,2,3,2
AF77-0F6B,PR1289,5,5,4,1,0,2,4,4
C6A8-4E8A,PR129,3,4,2,2,1,3,3,2
2250-86C5,PR1290,4,4,2,3,0,3,5,4
9DB1-8C59,PR1291,3,5,5,1,0,4,4,3
45D7-5C8A,PR1292,3,5,3,2,2,3,4,4
DF71-97FB,PR1293,3,4,4,1,2,2,5,4
C5C2-985F,PR1294,3,4,2,1,0,3,3,3
10E9-4C86,PR1295,3,3,2,3,0,4,3,3
4F64-A0E2,PR1296,3,3,3,2,1,3,4,4
5544-4583,PR1297,4,5,5,2,1,4,4,4
D970-9F5E,PR1298,3,5,4,3,1,5,4,3
DF5F-5ED9,PR1299,3,3,2,2,2,4,4,4
2407-5A4E,PR13,5,3,5,3,2,4,4,3
B340-5AD2,PR130,3,5,2,3,2,4,3,2
D106-E487,PR1300,3,3,3,1,2,5,4,4
19C3-DAE4,PR1301,4,3,3,3,1,3,5,5
9CE9-B0D5,PR1302,4,4,3,3,0,3,3,2
CA75-94D1,PR1303,5,2,4,2,2,2,5,4
5416-F925,PR1304,5,2,4,3,0,5,3,3
2D85-ABDD,PR1305,4,2,2,2,1,3,5,5
8FD9-AA59,PR1306,5,3,3,1,1,4,3,2
D871-1F74,PR1307,5,2,4,1,1,4,4,3
7816-BF57,PR1308,5,3,4,2,2,2,5,5
CED0-8D31,PR1309,4,3,2,2,0,3,3,3
CC7A-EE97,PR131,5,3,2,2,2,2,3,3
B2D6-A355,PR1310,3,5,4,1,2,3,3,2
CC8A-0B1F,PR1311,3,3,3,2,0,2,4,3
30CB-BCD0,PR1312,4,2,2,1,3,2,3,2
3642-EEAE,PR1313,4,3,2,2,1,4,3,3
205B-4D34,PR1314,4,5,3,3,2,2,4,4
8BCA-723F,PR1315,4,4,5,3,2,3,4,3
ED5D-E9D8,PR1316,4,3,3,2,0,4,5,4
5988-3855,PR1317,4,3,3,2,2,5,3,3
5A65-768A,PR1318,4,2,5,3,0,2,3,3
95D8-5DC7,PR1319,5,4,3,3,1,4,5,4
B97B-73D7,PR132,4,2,3,3,1,5,4,3
C22D-CE5F,PR1320,3,3,2,1,0,2,5,5
9C24-CD7A,PR1321,5,4,4,2,0,2,5,5
9658-7750,PR1322,3,4,3,2,0,2,3,2
D7F8-1775,PR1323,4,5,2,2,3,4,3,2
A696-1216,PR1324,5,3,5,2,1,3,5,4
5C7B-86C0,PR1325,4,4,2,3,1,5,4,4
7DD6-128C,PR1326,3,4,5,3,0,3,4,4
8D34-EBDF,PR1327,4,4,3,2,1,2,5,4
17AD-99F5,PR1328,4,5,5,3,0,3,4,4
F60C-4888,PR1329,3,4,3,3,1,2,4,4
B5C6-F8D5,PR133,3,4,5,1,0,3,4,3
B6EC-313E,PR1330,4,4,4,2,0,3,3,2
2A20-28CD,PR1331,4,5,3,1,0,5,4,4
5A04-0EB4,PR1332,3,3,3,2,2,2,4,3
EEFC-DEC7,PR1333,5,3,4,2,2,3,4,4
5160-53BD,PR1334,3,2,2,1,2,3,5,5
6C86-3DC0,PR1335,4,4,3,1,0,3,5,4
0240-4D29,PR1336,5,5,3,1,0,3,3,3
15D4-53C2,PR1337,4,4,3,1,0,5,5,4
17AE-E715,PR1338,4,4,2,1,0,5,5,5
3B90-B998,PR1339,3,3,4,1,0,2,5,5
DCD4-C785,PR134,5,4,2,1,0,4,5,4
6661-FA04,PR1340,4,2,3,2,0,4,5,5
B975-943A,PR1341,3,5,4,3,1,3,4,3
C95C-CE06,PR1342,4,4,5,2,0,2,4,4
7589-66E3,PR1343,4,5,3,2,3,3,4,4
2ED2-2CEC,PR1344,5,3,5,3,1,5,4,3
B61E-0F26,PR1345,5,3,5,3,1,4,5,4
DEB9-1BBF,PR1346,4,2,5,3,3,4,4,3
B312-7192,PR1347,3,2,5,1,1,5,5,4
5C48-9106,PR1348,4,2,3,2,1,2,5,5
DF63-0D3C,PR1349,4,5,3,2,0,5,4,3
F9C6-39E2,PR135,4,3,3,1,1,2,3,3
D4D5-27FB,PR1350,4,5,4,2,1,2,3,2
76ED-1CF5,PR1351,4,5,3,3,1,5,5,4
380F-A08A,PR1352,4,3,4,2,2,3,3,3
5E9A-FE30,PR1353,5,3,3,2,0,4,4,3
FBED-F86B,PR1354,5,3,4,3,2,2,5,4
B063-A2B5,PR1355,4,2,2,2,2,5,5,4
D676-4ECC,PR1356,5,4,5,1,0,3,4,3
D4D7-3C3F,PR1357,5,4,3,1,1,2,3,2
DF7E-3233,PR1358,3,3,3,3,1,2,5,5
13E5-8466,PR1359,5,4,2,2,0,3,3,2
41DC-E8B5,PR136,3,4,5,2,0,3,3,3
A7BB-F5A7,PR1360,3,2,4,2,0,3,4,3
1B7F-73A9,PR1361,4,4,5,3,1,5,4,4
13FA-3559,PR1362,3,4,4,3,2,3,3,2
A2D0-E2D2,PR1363,5,2,4,1,0,2,4,3
58F5-C8FC,PR1364,5,2,3,3,1,3,5,5
9A87-71F6,PR1365,4,3,3,1,1,2,5,4
FAC0-942B,PR1366,4,2,5,2,1,2,3,3
E899-A860,PR1367,4,5,2,1,1,2,4,4
BAF9-933D,PR1368,4,3,2,2,1,4,3,3
C900-9EF9,PR1369,4,2,4,1,3,5,3,2
1472-9F69,PR137,5,2,4,2,1,5,4,3
1C6C-3B67,PR1370,4,5,3,3,0,3,5,4
2698-A448,PR1371,2,4,2,1,3,3,5,4
9BD6-2C43,PR1372,4,1,2,1,0,3,4,4
39FC-7149,PR1373,3,2,2,3,1,1,3,2
F5E3-48BB,PR1374,2,1,1,3,3,4,3,3
0A05-3943,PR1375,4,4,3,2,3,4,5,5
3120-B11F,PR1376,1,3,2,2,1,1,3,2
2FC8-999D,PR1377,2,3,1,3,1,4,5,4
7BD4-7BFB,PR1378,1,1,4,1,2,4,5,4
6227-9D9E,PR1379,2,2,3,1,2,1,5,4
4E65-CCD0,PR138,3,3,2,3,2,3,4,3
EB4F-4D97,PR1380,5,2,5,3,0,3,3,2
296A-A685,PR1381,4,3,4,2,0,4,3,2
2E7B-43F0,PR1382,3,2,3,3,2,2,3,3
E099-3FCC,PR1383,3,4,5,3,1,5,3,3
D86B-2E5E,PR1384,3,5,5,1,2,2,5,5
267F-F71D,PR1385,4,5,4,1,0,5,3,3
155B-42BE,PR1386,5,4,5,2,0,4,3,2
E62F-4FF7,PR1387,5,4,4,1,3,4,5,5
93B1-6510,PR1388,3,4,2,2,1,4,5,4
71CC-7412,PR1389,3,5,5,1,2,5,3,2
07F1-62C3,PR139,3,4,4,1,1,5,5,4
E523-D168,PR1390,4,5,3,1,1,3,4,3
5A0B-7F31,PR1391,3,2,5,3,1,5,5,5
8F78-4A32,PR1392,3,2,2,1,0,5,3,2
8EA4-9179,PR1393,4,2,5,2,1,4,4,3
6F50-08B6,PR1394,3,3,5,2,3,5,4,3
0CF8-1EBD,PR1395,3,4,3,1,0,5,4,4
8E5B-CBBF,PR1396,4,4,4,2,2,4,5,5
8DA7-0090,PR1397,4,2,4,2,2,5,4,4
9BC9-1288,PR1398,3,5,3,3,0,2,4,3
6A8B-EC82,PR1399,5,2,4,2,2,3,3,2
F968-671C,PR14,5,2,2,2,1,5,5,5
31FB-D496,PR140,5,4,5,2,1,3,5,4
FEEC-A663,PR1400,3,4,4,3,0,3,4,3
9412-7AA6,PR1401,4,4,5,2,0,2,4,3
920B-7B40,PR1402,5,2,5,2,0,3,3,2
2374-7581,PR1403,5,4,3,2,1,4,5,4
D245-5D80,PR1404,5,3,4,1,1,4,5,4
41EC-F2AA,PR1405,4,3,3,1,0,5,5,4
1C57-5F2A,PR1406,5,2,3,2,0,3,4,3
0678-748A,PR1407,5,3,3,3,0,3,4,4
A896-CDE2,PR1408,5,3,5,1,1,3,5,4
ACF7-5B99,PR1409,3,3,4,3,1,3,3,2
5741-0022,PR141,5,5,3,2,1,3,4,3
AA67-CB22,PR1410,4,2,5,2,1,3,3,3
D825-CC31,PR1411,5,4,2,2,0,2,4,3
59F5-F57D,PR1412,5,5,2,1,1,5,5,4
E430-E462,PR1413,3,5,3,1,0,4,5,5
9F02-0D39,PR1414,3,2,3,3,0,5,3,2
74F3-DF3D,PR1415,5,2,5,2,3,5,3,2
5F2E-A68B,PR1416,4,2,4,3,1,3,5,4
65A0-5D04,PR1417,4,3,5,2,0,3,4,3
79C5-FE9D,PR1418,5,4,2,2,2,3,3,2
B49A-7D79,PR1419,4,5,2,3,0,5,5,5
E503-C500,PR142,4,3,2,3,1,2,5,4
388D-DB68,PR1420,5,3,5,1,0,2,5,4
A76C-AEB3,PR1421,4,3,4,3,0,2,4,3
278C-D482,PR1422,5,3,5,2,0,2,5,5
A1DB-6C34,PR1423,4,4,3,3,1,3,5,5
468A-E249,PR1424,4,4,5,2,0,3,3,3
95CB-4E31,PR1425,3,5,3,3,0,4,5,5
3A2C-ABB8,PR1426,4,2,5,2,2,4,3,3
6EDB-94B7,PR1427,4,4,3,2,1,4,4,4
8292-6635,PR1428,3,2,4,1,2,5,3,3
6EEF-5B17,PR1429,5,2,5,2,2,2,3,2
C250-AF15,PR143,4,2,3,3,1,3,4,4
257B-8130,PR1430,3,4,2,1,1,2,5,5
B492-D447,PR1431,5,3,3,2,1,2,5,5
4673-EBEC,PR1432,4,2,3,3,1,4,4,3
C08F-94F9,PR1433,3,3,5,3,0,2,5,4
F961-5A03,PR1434,4,2,2,3,2,4,4,4
CE90-763C,PR1435,5,5,5,2,0,5,3,2
6653-BD41,PR1436,5,2,5,3,2,4,4,3
C251-2A18,PR1437,3,2,2,2,1,5,3,2
8FF0-0F7A,PR1438,3,5,3,1,1,2,4,3
62A3-DEA7,PR1439,4,4,4,2,1,3,3,3
D3F6-A313,PR144,5,2,5,3,2,4,5,5
1453-D3D8,PR1440,3,3,5,2,2,3,4,3
B59D-CA4C,PR1441,4,5,5,2,1,5,5,5
3DB7-2942,PR1442,3,5,5,2,0,3,5,4
B102-5713,PR1443,5,5,2,2,0,3,5,4
BDE5-385A,PR1444,3,5,4,3,1,3,5,4
8F7F-015D,PR1445,3,5,5,3,0,5,3,2
C1B4-46B2,PR1446,5,4,5,3,1,5,5,4
F5C3-07B0,PR1447,4,5,2,1,3,2,5,4
08FC-817E,PR1448,4,3,2,2,0,3,4,3
AC19-7EE7,PR1449,5,5,3,1,3,4,5,4
C9FF-3A25,PR145,3,2,2,3,3,2,4,3
CDC1-C7CA,PR1450,4,4,5,3,2,2,5,4
E616-CAD8,PR1451,5,3,2,2,3,3,4,3
2219-56CA,PR1452,3,5,5,1,0,2,3,2
EEA0-C109,PR1453,5,4,4,2,1,2,3,3
ABB5-0B95,PR1454,5,4,4,3,1,4,4,4
5F4E-EE5A,PR1455,5,5,2,3,1,2,3,3
F401-1B75,PR1456,5,2,5,2,1,2,5,5
B995-E5CE,PR1457,5,4,5,2,0,4,3,2
533B-938D,PR1458,5,3,4,1,1,4,4,4
993B-186B,PR1459,3,4,5,2,0,3,4,3
DFA2-1B8F,PR146,4,5,5,2,1,4,3,2
04D7-C8F3,PR1460,3,4,2,2,1,2,3,3
C026-3E38,PR1461,3,4,2,2,0,3,3,2
69EC-7B13,PR1462,3,3,4,3,0,4,4,3
AD8F-7539,PR1463,5,4,3,2,3,2,5,5
B44E-8AEE,PR1464,3,5,4,1,0,5,5,4
63E9-F74A,PR1465,5,3,5,1,0,5,4,3
A184-3B30,PR1466,3,2,3,3,2,5,3,3
851C-E7E2,PR1467,3,4,5,1,0,4,5,4
E46A-3676,PR1468,3,3,3,1,1,2,3,2
10CE-8403,PR1469,3,2,3,1,0,2,4,4
E47D-E3C5,PR147,4,3,5,3,1,4,4,3
1AC8-361F,PR1470,4,4,2,3,0,2,3,3
9360-3A68,PR1471,3,2,2,1,1,5,3,2
BE54-8537,PR1472,3,3,3,2,0,4,3,3
D6BB-FEDF,PR1473,4,2,5,1,0,3,3,2
ACD5-5FA2,PR1474,4,4,2,3,0,5,3,2
BB09-BF7F,PR1475,3,5,3,2,1,5,5,4
450D-13A9,PR1476,5,2,3,2,3,2,3,2
5605-237E,PR1477,3,2,2,3,1,3,4,3
03C5-51AD,PR1478,4,5,5,1,2,4,5,4
27CD-A6BF,PR1479,3,3,3,3,0,3,5,4
626A-9377,PR148,3,3,4,1,0,5,5,4
6125-FEC8,PR1480,4,3,4,2,1,5,5,4
D954-6402,PR1481,4,2,5,1,2,5,3,2
246E-3383,PR1482,5,4,2,3,0,5,5,5
BD97-F94D,PR1483,5,2,2,2,3,5,5,4
FB5B-C127,PR1484,5,4,5,1,0,3,4,3
A590-DF69,PR1485,3,5,2,2,0,2,3,3
B679-F7C9,PR1486,3,3,3,2,0,5,5,4
1B4A-5D80,PR1487,4,5,3,2,3,2,4,4
BAB4-3AC8,PR1488,5,4,4,3,1,3,5,5
83FD-F920,PR1489,5,2,3,2,0,2,3,3
B24C-18BF,PR149,3,3,4,1,1,4,4,4
FD0B-7B0A,PR1490,5,2,3,1,0,3,4,4
EB8F-204D,PR1491,5,5,2,3,3,3,4,3
8A5B-3D6E,PR1492,5,4,3,3,2,3,3,2
46D6-CA7A,PR1493,4,4,3,3,1,2,5,5
5060-A677,PR1494,3,2,3,1,0,5,3,2
A11D-324A,PR1495,5,4,2,3,0,2,4,4
13E5-2F17,PR1496,5,2,2,1,0,5,4,3
3F0C-41A7,PR1497,4,2,3,2,1,2,3,2
07AF-3631,PR1498,3,4,4,2,0,5,5,5
259B-6C50,PR1499,3,3,3,2,1,4,5,5
63B8-CCC0,PR15,5,3,3,3,0,5,3,3
F20A-F424,PR150,4,4,5,1,2,2,5,4
C1E8-5AAB,PR1500,3,3,3,2,1,3,3,2
23FC-93A5,PR1501,3,4,4,3,2,3,3,3
AE33-DDE7,PR1502,4,4,3,3,2,4,3,3
DC67-3B66,PR1503,5,4,2,2,1,4,5,5
F1BD-033D,PR1504,5,5,3,2,1,3,3,2
7961-A93B,PR1505,4,2,4,3,0,2,5,5
F5CC-33FA,PR1506,5,2,3,2,2,5,5,5
1E61-B76A,PR1507,4,4,3,1,2,4,4,3
5395-75A1,PR1508,5,5,3,2,0,5,5,5
D18F-8C48,PR1509,3,4,3,1,2,3,3,2
C7C8-43D9,PR151,5,2,4,3,1,2,3,3
DA4C-7F2E,PR1510,5,2,4,2,2,4,3,2
FC47-1953,PR1511,3,2,2,1,2,4,4,4
61CC-2C1D,PR1512,4,5,3,3,0,4,3,2
CDFB-6A08,PR1513,3,2,2,3,0,3,3,2
B967-D6D3,PR1514,5,3,4,3,0,5,3,3
757F-78FE,PR1515,3,2,2,3,0,5,4,4
B8A5-07A1,PR1516,4,5,3,1,0,5,5,4
2FAE-9278,PR1517,3,3,2,3,0,5,4,3
0E79-8257,PR1518,4,3,3,1,1,2,5,5
9075-A294,PR1519,5,5,4,3,0,4,3,2
5D73-961A,PR152,5,5,2,1,2,3,3,3
A105-470B,PR1520,4,4,2,2,0,4,4,4
3C31-30CB,PR1521,3,5,5,2,1,4,3,3
6E61-A2BA,PR1522,4,3,4,1,3,5,5,4
40CC-6231,PR1523,5,4,5,1,0,4,4,4
ABDA-F749,PR1524,3,5,4,1,0,2,3,2
411F-6325,PR1525,3,2,3,1,2,5,5,5
32AE-C02F,PR1526,5,5,5,3,0,4,4,3
1C6F-87AA,PR1527,3,4,4,2,1,2,3,3
DAE0-B44F,PR1528,4,5,2,2,3,2,5,4
4294-03D1,PR1529,3,5,2,1,1,4,4,3
D5B3-425C,PR153,5,2,2,1,1,5,4,4
3A20-7C3E,PR1530,5,2,4,3,0,3,5,5
6B20-FFDF,PR1531,5,2,4,3,3,2,4,4
C389-FC34,PR1532,5,5,2,2,1,5,3,2
89A6-7EF1,PR1533,2,2,3,3,3,1,3,2
09D2-46BD,PR1534,2,1,4,2,0,2,3,3
6413-42F1,PR1535,4,3,3,3,1,2,5,5
C520-6F2B,PR1536,2,4,4,2,0,4,5,5
20CA-404E,PR1537,3,3,1,1,0,3,3,2
C8BC-3B77,PR1538,1,4,3,3,3,3,4,3
0AA2-881A,PR1539,1,3,4,3,0,2,4,4
1A2D-52EC,PR154,4,4,4,3,2,4,5,4
07C3-7429,PR1540,4,4,3,3,2,4,5,4
A1B4-5481,PR1541,2,2,2,2,0,3,5,4
22FF-9076,PR1542,2,4,3,1,1,1,5,4
EA3A-E005,PR1543,4,3,2,2,2,4,3,2
5802-2A7E,PR1544,3,2,1,3,2,3,4,4
05DA-5423,PR1545,1,3,1,2,1,3,3,2
8A6B-AD5C,PR1546,3,2,2,3,2,4,3,3
DBF0-2EA3,PR1547,4,2,2,2,0,2,5,4
8AAD-FAFB,PR1548,4,2,1,1,1,3,5,4
28EA-A010,PR1549,1,2,4,2,1,4,3,3
6A09-C910,PR155,4,3,2,2,1,3,4,4
ADF8-AD57,PR1550,2,2,4,2,2,1,5,4
C292-EC0C,PR1551,5,3,4,1,0,2,5,4
CD7F-377F,PR1552,4,4,5,1,1,5,4,4
AF11-04C3,PR1553,4,5,3,3,1,2,3,2
D31B-BEF8,PR1554,4,3,5,2,3,2,5,4
596B-33F4,PR1555,5,5,5,3,1,4,3,2
0B72-0EE6,PR1556,3,2,3,3,1,4,3,2
C661-6A1C,PR1557,5,5,2,3,0,5,5,5
4C41-7F73,PR1558,3,3,4,2,0,4,4,3
5D69-D350,PR1559,3,5,2,3,1,4,3,2
7845-EF8F,PR156,5,3,5,3,3,4,3,2
8766-F1E7,PR1560,4,4,4,1,1,3,5,4
79D0-C935,PR1561,4,2,3,1,2,5,4,4
6AD1-5EE8,PR1562,4,5,5,1,1,5,4,3
CECC-60FF,PR1563,3,2,3,1,2,5,4,3
4A0E-9958,PR1564,4,4,3,3,1,3,5,5
DA8E-9496,PR1565,3,5,4,2,0,4,3,3
05ED-92F1,PR1566,5,3,4,3,2,4,4,3
D3EB-610D,PR1567,5,3,5,1,0,5,3,3
55B1-3712,PR1568,4,5,4,1,0,3,4,3
566A-FC64,PR1569,5,4,3,2,2,2,4,3
8EAF-4F79,PR157,5,5,5,2,1,2,5,5
25F5-0EAF,PR1570,4,3,3,3,3,4,3,2
291F-B604,PR1571,4,2,3,1,0,2,5,5
EE63-4E57,PR1572,5,5,3,2,2,2,4,4
EE91-1A9C,PR1573,4,4,3,1,1,4,5,5
242A-4FA0,PR1574,3,5,3,1,3,3,4,4
F58A-302D,PR1575,4,5,2,2,1,5,4,3
8733-BC3C,PR1576,5,4,4,3,1,5,3,2
3D9E-FB05,PR1577,3,5,4,1,1,4,3,2
B407-ABCA,PR1578,3,5,3,1,3,3,5,4
11C2-2B5B,PR1579,5,3,4,1,1,3,3,3
801C-89BF,PR158,5,5,5,2,2,2,3,2
5BDE-7102,PR1580,5,5,4,1,2,5,5,4
6987-6124,PR1581,3,4,2,2,1,5,3,3
E81C-A653,PR1582,4,3,5,2,1,3,3,3
4F22-FF67,PR1583,4,4,3,2,2,5,4,4
806F-B986,PR1584,4,3,2,2,1,3,4,3
8F38-A4DD,PR1585,3,2,5,2,2,4,4,4
776A-CDBC,PR1586,5,2,2,2,1,2,5,5
8FB2-4CE0,PR1587,5,4,5,2,1,5,4,4
CC88-AE14,PR1588,3,3,4,2,0,5,4,4
3261-373A,PR1589,5,2,4,2,0,4,4,4
B90D-4BEF,PR159,5,5,2,1,0,5,5,5
D754-4CDF,PR1590,4,4,2,2,1,2,5,4
6D3B-AD28,PR1591,4,2,3,3,1,5,3,3
924E-1035,PR1592,5,3,5,1,0,4,5,5
EFB8-ED99,PR1593,3,2,5,3,1,3,3,2
B122-D3D2,PR1594,4,2,4,2,2,4,4,3
1D87-3372,PR1595,4,4,5,2,3,3,3,3
6A67-EC2C,PR1596,3,4,3,1,0,4,3,2
D529-0BC2,PR1597,3,5,5,3,1,5,3,3
AE51-5502,PR1598,3,4,4,2,0,2,4,3
E442-1FEE,PR1599,3,2,4,1,1,5,4,4
D457-AB87,PR16,5,5,5,1,0,2,4,4
9CC0-FF43,PR160,5,4,5,1,0,5,4,3
1BAE-4DA1,PR1600,4,5,3,2,1,5,3,2
7486-A1B6,PR1601,5,2,5,1,2,5,4,3
DD1E-583D,PR1602,4,4,3,3,1,3,5,5
2857-A950,PR1603,4,3,5,1,0,2,5,5
5E53-1897,PR1604,5,4,2,2,0,4,5,5
B437-FCF8,PR1605,4,2,4,3,1,5,4,3
B268-1642,PR1606,5,5,5,3,1,3,4,3
C77A-2348,PR1607,5,4,5,2,1,4,3,3
E7F5-0AD1,PR1608,5,3,3,3,1,4,4,3
7839-CA12,PR1609,5,4,5,1,0,4,5,4
8462-E88A,PR161,3,5,4,1,2,3,4,3
79E4-6632,PR1610,4,4,2,3,0,4,4,3
097B-A688,PR1611,3,4,4,1,0,5,5,5
A7F8-24EA,PR1612,3,4,5,3,1,2,4,3
8078-6154,PR1613,4,3,3,1,2,4,5,5
DEC5-9319,PR1614,3,4,4,1,1,3,5,4
28F4-8367,PR1615,3,2,3,3,3,2,4,3
5C87-D7BB,PR1616,4,5,2,1,3,5,5,5
D383-714B,PR1617,4,5,3,2,0,5,4,3
0D1B-DEC2,PR1618,3,4,5,3,1,4,5,4
DD04-BDF8,PR1619,4,2,3,2,1,4,4,3
7749-B277,PR162,3,5,5,3,1,3,5,5
2CA8-4E1B,PR1620,5,5,5,1,2,2,4,3
EACC-D1F6,PR1621,4,4,5,2,1,4,3,3
B8C3-5E0A,PR1622,5,3,4,1,2,4,4,3
1A6D-AF5D,PR1623,5,4,3,3,2,3,3,3
4FCD-7D65,PR1624,4,2,2,2,0,4,5,5
7279-6591,PR1625,3,3,4,2,1,2,5,4
6925-864E,PR1626,5,2,5,3,2,5,3,2
4563-8637,PR1627,4,5,4,3,0,5,5,5
2546-1312,PR1628,4,3,4,2,0,2,4,3
FFCF-0BD5,PR1629,5,2,5,3,2,2,5,4
7623-9AF1,PR163,5,3,3,3,0,5,3,3
C973-E8E5,PR1630,5,3,5,3,0,4,3,3
763B-DE6E,PR1631,3,2,2,3,0,5,5,4
7EEF-9A90,PR1632,4,2,3,2,2,4,5,5
63B0-1036,PR1633,4,4,2,3,0,2,3,2
41FE-D257,PR1634,5,3,5,3,3,3,5,5
D24B-5AC8,PR1635,3,5,3,3,2,5,4,3
F7B0-E6B2,PR1636,4,3,3,1,3,5,4,4
9C6C-E5CE,PR1637,4,2,3,2,0,5,4,3
184D-06FF,PR1638,4,4,3,2,3,2,5,5
2B70-5A31,PR1639,5,2,2,3,0,5,4,4
EDF2-2659,PR164,5,5,3,1,2,2,3,2
0BAF-7454,PR1640,3,2,4,1,3,4,5,4
8373-07C6,PR1641,3,5,2,2,0,2,5,4
BAFA-86DF,PR1642,3,2,5,1,2,2,4,4
74B4-CB7A,PR1643,3,4,4,2,0,4,3,2
4C66-6E16,PR1644,3,3,2,3,1,5,5,4
D6D2-184B,PR1645,3,4,2,1,0,4,3,2
FB1D-5A51,PR1646,3,5,4,3,1,3,3,3
5AA7-C7BA,PR1647,3,2,4,3,1,5,4,4
3E50-011E,PR1648,3,2,4,2,0,4,5,5
3992-22AD,PR1649,4,5,2,2,1,2,5,4
5642-6F1E,PR165,4,2,4,2,1,2,3,2
005C-E0FB,PR1650,4,5,4,1,1,2,5,5
45BA-6683,PR1651,4,3,5,2,2,4,3,3
D29C-A21F,PR1652,4,4,5,2,1,5,4,3
473C-EA4E,PR1653,4,4,4,2,0,5,5,4
5F5B-83B1,PR1654,5,4,3,1,3,5,4,4
E9D9-787A,PR1655,5,2,2,3,1,3,3,2
8328-A764,PR1656,5,5,4,3,2,2,5,5
90EB-28D4,PR1657,3,3,5,2,2,2,3,3
E399-E4F6,PR1658,4,3,4,1,0,5,4,4
BEE2-8052,PR1659,3,4,2,2,2,4,4,3
0DC1-7EE4,PR166,3,2,5,3,0,2,5,4
63D2-F412,PR1660,4,3,5,2,1,4,4,4
4467-6B8F,PR1661,5,4,3,1,3,5,3,2
0626-7020,PR1662,4,3,5,1,2,4,4,3
C0B9-E4C1,PR1663,3,5,5,2,1,3,3,3
16B6-9C29,PR1664,4,5,3,3,1,3,3,2
3A36-DA50,PR1665,3,3,2,3,1,4,4,3
5609-8585,PR1666,4,2,4,1,0,4,3,2
4971-33F9,PR1667,3,4,4,1,1,4,5,5
FC24-43F6,PR1668,4,5,2,2,1,2,4,4
E73A-F20A,PR1669,5,5,3,3,1,5,3,3
B57F-B5CE,PR167,4,4,4,1,0,5,3,3
1D32-9620,PR1670,4,4,5,2,1,4,5,4
5A78-0F17,PR1671,4,2,3,3,0,5,3,3
D045-B6CA,PR1672,3,2,2,1,2,4,5,4
0EA5-3A95,PR1673,4,4,2,3,2,3,4,4
36E1-3DDF,PR1674,3,2,2,2,1,2,3,2
35D2-818A,PR1675,4,4,2,1,1,3,5,4
2BD8-20A6,PR1676,3,2,4,1,0,4,4,3
84E7-02D4,PR1677,4,2,5,2,0,5,3,2
7D2D-3831,PR1678,4,3,4,2,0,2,4,4
FB4B-067E,PR1679,4,2,3,2,1,3,4,3
1243-8B63,PR168,3,5,4,1,2,5,4,4
D75C-3E43,PR1680,5,3,4,3,2,2,4,4
3747-3110,PR1681,3,5,4,3,0,2,4,4
05F0-6F7B,PR1682,3,2,4,2,2,3,4,4
D712-9E1C,PR1683,4,3,2,1,0,4,4,3
BBE1-D4A5,PR1684,4,2,3,1,0,3,5,4
B1BC-0011,PR1685,4,2,5,3,1,2,3,3
3653-D544,PR1686,4,3,3,3,2,3,3,2
A53B-DF3C,PR1687,4,2,2,1,1,2,3,3
9BE8-2C44,PR1688,4,2,3,2,1,4,5,5
5639-70C0,PR1689,5,4,2,2,1,2,3,3
3C78-06E7,PR169,4,2,3,2,0,4,4,4
BBD0-FB7D,PR1690,5,2,4,1,1,4,4,3
106F-F7C7,PR1691,5,4,3,3,0,2,5,5
A848-F98B,PR1692,3,2,5,3,0,2,4,3
EE7E-F5AC,PR1693,4,5,4,2,0,3,3,2
C27A-1115,PR1694,4,4,2,1,0,2,5,5
C57E-6E4F,PR1695,4,2,5,3,1,4,4,3
BBB4-89C7,PR1696,4,3,5,3,1,5,3,3
84AD-D566,PR1697,3,2,4,1,0,3,3,3
26DF-1241,PR1698,3,4,4,1,0,4,3,2
4657-FE18,PR1699,5,4,5,2,0,4,4,4
D93A-CC98,PR17,5,4,3,2,2,3,5,4
75CF-67E0,PR170,5,4,2,3,2,4,4,3
4188-C61D,PR1700,4,3,2,1,1,5,4,3
45A4-C1D0,PR1701,3,4,3,1,0,2,4,3
6CC9-81FC,PR1702,3,5,5,2,3,3,4,3
9283-E971,PR1703,3,5,3,2,1,5,5,4
72A2-1105,PR1704,5,4,2,3,0,4,3,3
34FB-D8F3,PR1705,3,5,5,3,0,3,3,2
65C9-0885,PR1706,4,4,3,1,2,4,4,3
42F5-707F,PR1707,5,5,4,3,1,2,3,3
03D3-AA88,PR1708,4,3,3,3,1,5,4,4
1A38-1D62,PR1709,4,3,5,3,0,3,4,3
D7C2-EAA5,PR171,5,2,2,3,1,2,3,3
6151-4A92,PR1710,4,5,2,1,3,5,4,4
EA37-AE5E,PR1711,4,2,4,3,0,4,3,2
41A7-9C19,PR1712,4,5,3,1,0,5,5,4
A409-26AC,PR1713,3,3,5,2,2,4,5,5
994A-5F84,PR1714,5,3,3,2,2,5,5,4
0B19-EFB2,PR1715,4,5,2,2,2,2,4,3
1DC4-97CF,PR1716,4,3,4,3,2,4,4,4
07F6-D61B,PR1717,5,2,2,3,1,5,5,5
81FF-8D6C,PR1718,5,5,2,3,1,2,5,4
81F1-950F,PR1719,4,3,5,2,2,5,4,4
F1B6-31B7,PR172,3,3,2,2,1,5,5,5
FB6A-3F11,PR1720,3,5,2,3,0,4,5,5
DB6B-88DA,PR1721,3,4,4,2,0,4,5,5
5F06-D3F6,PR1722,5,4,5,2,1,5,4,4
425F-4D2D,PR1723,4,3,4,2,1,2,5,4
DBF5-E57D,PR1724,4,4,2,1,0,3,5,5
4C99-E626,PR1725,5,5,5,2,2,3,3,3
C016-FA12,PR1726,3,4,2,3,1,4,3,3
6BE1-09FB,PR1727,4,5,3,1,0,2,4,4
61E2-6540,PR1728,4,3,4,2,0,4,4,3
FE0F-498F,PR1729,4,5,2,2,0,3,3,2
D91C-815B,PR173,3,3,5,2,0,2,5,4
F8D4-3CAB,PR1730,5,2,4,3,0,3,5,4
21C8-00EC,PR1731,5,2,5,3,0,5,5,4
1424-0B0C,PR1732,4,5,3,1,1,3,5,4
4C72-E72F,PR1733,4,4,4,2,0,5,4,4
ABC2-0036,PR1734,4,3,3,3,1,3,5,5
2BCE-F73C,PR1735,3,5,4,2,0,5,5,5
D4BE-786C,PR1736,5,3,5,2,1,2,4,3
2EF6-8D96,PR1737,4,4,4,2,1,2,3,2
E6F7-EF68,PR1738,3,2,4,2,0,2,5,4
4862-E40F,PR1739,5,2,4,3,1,3,3,2
9591-C955,PR174,5,2,5,3,1,5,4,3
E1FE-67B5,PR1740,5,2,5,2,1,3,3,2
4D59-B831,PR1741,3,4,4,3,3,2,3,3
CCE7-36ED,PR1742,4,2,4,2,0,2,4,3
ACB2-6640,PR1743,4,4,3,1,3,2,3,3
8369-ED26,PR1744,3,4,4,3,0,5,3,3
AEEC-804D,PR1745,5,2,3,1,0,2,5,5
CAD7-01BE,PR1746,3,4,4,1,1,2,4,3
4938-402A,PR1747,5,3,4,1,2,2,3,2
7D95-B5B1,PR1748,5,2,5,1,0,2,5,4
7805-8A7C,PR1749,3,3,4,3,3,3,4,3
648E-FE5F,PR175,5,4,5,2,3,5,3,2
5634-9D10,PR1750,4,5,2,3,0,4,5,4
1147-7E2F,PR1751,3,3,2,3,1,3,3,2
2DD1-FD7F,PR1752,5,3,4,3,1,2,5,4
682D-8FD8,PR1753,5,3,3,1,1,2,3,2
3EAA-95E5,PR1754,5,2,4,2,0,4,4,3
ECC7-B638,PR1755,5,4,4,1,0,2,4,3
0AF4-EC15,PR1756,4,3,4,2,2,5,5,5
66BC-7AC0,PR1757,4,5,2,3,2,2,3,2
503B-AACE,PR1758,4,4,2,3,2,2,3,2
BFAF-1ED1,PR1759,3,2,4,1,1,5,4,3
05CD-292D,PR176,5,3,5,2,1,5,3,2
C6F6-CDFE,PR1760,5,2,4,3,0,3,3,2
DCA7-D382,PR1761,4,4,4,1,0,3,5,5
07F5-A45D,PR1762,3,3,5,2,1,2,4,3
F72B-49FF,PR1763,5,3,4,1,2,5,3,2
5919-4ADE,PR1764,4,4,3,1,0,4,5,5
9723-FED9,PR1765,4,2,2,3,2,3,3,3
61E5-836E,PR1766,3,4,2,1,3,5,5,5
2937-EB65,PR1767,5,5,5,2,0,5,4,4
2A89-93B6,PR1768,5,3,4,2,0,3,3,3
2FC6-7ED5,PR1769,5,4,4,1,2,3,4,4
7DA1-A202,PR177,5,4,3,3,0,3,3,3
4875-109B,PR1770,5,5,4,1,2,5,4,4
B375-26A9,PR1771,5,3,5,1,1,2,3,2
7F61-2397,PR1772,3,2,4,1,1,5,3,2
5839-7AE2,PR1773,3,5,5,1,2,3,3,3
AD1C-2AC5,PR1774,4,5,4,2,1,4,5,4
4F28-CFAF,PR1775,3,2,5,1,0,2,3,3
0FE8-B881,PR1776,5,2,4,2,1,4,4,4
FAB0-2FF2,PR1777,4,5,5,3,2,4,4,4
12A7-AFD6,PR1778,4,4,2,3,1,4,5,4
7E76-154C,PR1779,3,4,3,1,1,2,4,3
2F04-931F,PR178,5,5,4,1,1,3,4,3
5B11-3DB3,PR1780,3,4,2,2,0,2,5,5
7A5A-CC91,PR1781,4,5,2,3,3,2,5,4
FB1F-9947,PR1782,5,4,4,2,2,4,5,4
E72B-64FA,PR1783,4,4,4,1,3,2,3,2
0AE7-DDE2,PR1784,4,5,2,3,1,3,4,3
F80F-29CB,PR1785,4,4,1,2,2,1,3,2
6542-3E93,PR1786,1,3,2,3,1,3,3,2
1914-B934,PR1787,4,4,1,3,0,4,3,3
ADA1-966E,PR1788,3,4,1,3,0,3,3,3
E151-8C7D,PR1789,3,4,4,1,0,3,3,3
7823-0217,PR179,4,3,2,1,1,5,3,3
B148-55FB,PR1790,4,3,2,1,1,3,5,5
8EBD-B3E8,PR1791,2,1,3,1,3,2,3,2
CEE1-DA0F,PR1792,4,1,3,2,0,4,3,2
7A2A-0600,PR1793,3,4,4,2,2,2,5,5
8CC3-0C6A,PR1794,4,3,3,2,3,2,4,3
5AC6-91D4,PR1795,5,4,5,3,0,4,5,5
1FE3-22BF,PR1796,3,5,3,2,1,5,3,2
BDC5-51CF,PR1797,4,3,2,1,0,5,5,4
5381-86E4,PR1798,4,4,4,3,1,4,4,3
A161-29FC,PR1799,5,3,4,3,1,2,4,3
DB54-E47D,PR18,5,4,4,1,1,4,4,4
4DDB-A84D,PR180,3,4,3,2,0,5,5,4
6376-F58F,PR1800,3,5,5,2,0,2,4,3
82B4-8569,PR1801,4,3,2,2,1,4,4,3
CDAC-40FE,PR1802,3,3,3,3,1,2,5,5
A885-BF42,PR1803,3,5,4,3,1,5,3,3
90EB-69E4,PR1804,3,5,4,1,1,3,3,2
97F7-5710,PR1805,5,2,2,1,1,3,5,5
A862-3880,PR1806,4,3,5,2,0,3,4,3
B670-21B2,PR1807,3,5,5,3,3,3,4,4
D933-AAC4,PR1808,5,2,4,1,0,3,4,4
FA48-B743,PR1809,5,5,3,2,0,4,5,5
4FBA-4591,PR181,4,2,5,1,2,2,5,4
1EEB-ABF7,PR1810,3,2,3,1,1,2,3,2
37EE-004B,PR1811,5,3,4,3,1,4,5,4
78C8-02B8,PR1812,4,5,3,3,2,3,5,4
0FBB-4ABE,PR1813,5,3,5,1,1,2,4,4
B98B-4689,PR1814,5,3,3,1,0,3,5,4
E676-215C,PR1815,4,5,3,1,0,3,3,3
C2BF-D441,PR1816,5,2,4,3,3,4,4,4
656C-09EA,PR1817,3,2,5,2,1,2,5,4
CF5D-0E32,PR1818,5,3,4,3,1,2,4,3
284C-8CB0,PR1819,5,3,4,1,2,2,5,4
2796-828F,PR182,4,4,3,1,3,2,4,3
0A4E-1A4A,PR1820,5,4,3,2,1,4,5,5
D471-4BFF,PR1821,3,5,4,3,2,2,3,2
E268-61EB,PR1822,3,2,3,1,1,4,4,3
DE22-FB63,PR1823,4,2,4,2,0,4,4,3
1BCC-100B,PR1824,3,4,5,3,2,3,4,3
4A0E-3728,PR1825,3,3,3,3,1,2,3,2
4FD5-CC71,PR1826,4,4,5,1,0,4,3,2
2A9F-6BD2,PR1827,5,3,5,1,0,2,3,3
FAD6-EAA3,PR1828,3,4,5,2,1,2,5,5
70CB-4A9B,PR1829,3,2,4,1,2,2,3,2
4236-4F51,PR183,5,5,2,1,1,4,5,5
0C6D-2825,PR1830,3,3,3,1,0,5,4,4
24DD-6D7C,PR1831,4,5,5,1,1,4,3,2
3CFD-6622,PR1832,3,5,2,3,1,5,3,2
F72A-48DD,PR1833,3,4,4,3,1,5,3,2
1799-5B3F,PR1834,4,5,2,3,3,3,4,4
EDC5-6FB7,PR1835,4,2,5,3,1,2,3,2
8291-DE04,PR1836,5,3,2,3,0,2,3,3
0C37-B7CF,PR1837,3,3,3,1,0,5,5,5
E480-FF03,PR1838,5,2,3,3,0,5,3,3
18CE-8F30,PR1839,4,3,4,1,2,3,4,3
7F5B-92AD,PR184,4,3,2,1,1,3,4,4
676C-C884,PR1840,4,2,4,3,0,4,3,3
B56D-46CE,PR1841,5,2,2,3,0,5,3,2
6B5B-8080,PR1842,5,5,2,1,2,2,3,2
C62F-44EF,PR1843,5,4,4,1,0,4,3,3
1E4A-5810,PR1844,3,2,4,2,0,2,5,5
3EDA-3BDE,PR1845,4,5,5,3,1,5,5,4
7EF0-2BF4,PR1846,3,5,2,3,0,5,5,4
3DCC-7FA4,PR1847,5,5,5,2,0,5,3,2
E8EF-FA89,PR1848,3,5,5,3,2,2,4,4
3A96-07A5,PR1849,5,5,5,2,2,3,5,4
AE73-B863,PR185,4,3,4,1,0,2,3,2
C8FA-B6FE,PR1850,3,4,3,1,0,3,4,4
7269-88EC,PR1851,4,5,5,3,3,4,5,5
3E3B-681D,PR1852,3,3,3,2,1,2,3,2
7054-B62C,PR1853,4,3,3,2,1,5,5,4
9756-3EAB,PR1854,5,5,3,3,1,4,3,2
4304-4B4E,PR1855,5,3,5,1,1,2,4,3
4CA1-F139,PR1856,5,3,5,2,0,2,4,3
8892-77D8,PR1857,4,5,3,1,1,5,4,4
D061-5CAD,PR1858,4,4,4,2,2,4,4,3
BD94-98E0,PR1859,3,3,5,1,0,4,4,3
2C0F-AAE2,PR186,4,3,2,1,0,2,5,4
ABB0-9B03,PR1860,5,2,2,2,0,3,3,2
F2BA-F63A,PR1861,3,2,3,1,0,5,3,3
6543-091E,PR1862,5,2,3,1,2,3,3,3
EAB1-2EB2,PR1863,4,3,3,3,0,2,4,3
1158-9E23,PR1864,5,2,4,2,0,4,4,4
3476-CA56,PR1865,5,2,4,1,1,4,3,2
4CD7-B91C,PR1866,4,5,3,2,1,4,5,5
6BAB-8D77,PR1867,5,4,3,1,0,5,5,5
FADC-21F2,PR1868,3,5,5,3,0,3,5,5
2E25-987F,PR1869,5,5,3,1,0,2,5,5
9E8E-F2FF,PR187,5,4,4,3,2,3,5,4
2637-BDCD,PR1870,5,2,5,1,0,5,4,3
342B-0932,PR1871,3,5,5,3,3,2,5,5
ACA5-348E,PR1872,5,2,4,2,3,2,5,5
6DEB-F440,PR1873,5,3,3,2,0,3,5,5
354B-3BC6,PR1874,3,4,3,1,0,3,3,3
C95B-FE97,PR1875,5,3,5,1,0,5,5,4
EB81-3E51,PR1876,4,5,3,3,2,5,5,4
2D25-CAE8,PR1877,4,5,4,3,0,2,4,3
494B-7047,PR1878,3,4,3,2,0,2,4,4
0846-2064,PR1879,3,4,5,2,2,3,5,5
9862-8904,PR188,3,2,4,3,0,5,5,4
95E0-CCA0,PR1880,4,2,5,3,3,3,3,2
68C4-272C,PR1881,3,2,3,2,0,3,4,3
0742-C802,PR1882,4,5,2,3,2,5,5,5
1D74-2661,PR1883,4,4,3,2,1,5,4,3
F4A3-2126,PR1884,5,5,3,3,2,5,3,3
24FA-A637,PR1885,5,2,3,3,1,3,5,5
9071-14B2,PR1886,4,2,5,1,0,2,3,2
9624-0464,PR1887,3,5,5,2,1,4,5,4
7B96-B655,PR1888,4,2,3,2,1,3,3,2
DE7D-7757,PR1889,5,3,3,2,2,3,4,4
0CFA-28A3,PR189,3,4,4,1,0,3,4,3
6828-1F30,PR1890,4,4,4,3,3,3,4,4
A4E5-CE62,PR1891,3,4,3,2,1,3,5,5
2926-D386,PR1892,5,3,5,1,2,2,3,2
1FAC-768D,PR1893,3,5,3,3,1,4,5,4
60A3-AFA2,PR1894,4,5,4,3,2,3,3,2
3B11-DF28,PR1895,5,2,4,1,0,4,5,5
4FAC-96CB,PR1896,5,3,3,3,0,3,4,3
EFA2-B2D0,PR1897,3,4,3,1,0,2,5,4
200B-1979,PR1898,5,2,5,2,1,5,3,2
8EF9-CECD,PR1899,4,5,5,1,0,2,3,2
B5C6-A760,PR19,3,4,5,2,0,3,3,2
8DB6-5FC6,PR190,4,4,3,2,2,2,5,4
AFE1-76D3,PR1900,5,3,4,3,2,4,5,4
E927-46D7,PR1901,4,3,2,3,1,2,5,4
A859-9A84,PR1902,3,3,5,3,1,4,3,2
E55D-FCA0,PR1903,5,2,3,2,1,2,5,4
9385-321B,PR1904,4,2,5,2,1,5,3,3
B529-2745,PR1905,3,5,5,3,1,4,5,4
EF95-30A5,PR1906,5,2,3,3,1,2,3,3
86E9-319B,PR1907,4,5,5,2,1,5,4,4
9C27-3F5C,PR1908,4,4,5,3,1,2,3,2
54D0-5A71,PR1909,4,5,5,1,0,3,5,4
3044-EB49,PR191,3,3,3,2,1,3,5,5
C560-23D6,PR1910,5,4,3,1,1,2,4,3
EE12-1C73,PR1911,3,5,2,1,0,4,5,4
91C6-564B,PR1912,3,2,4,3,1,3,3,3
A0EC-C4AE,PR1913,5,4,2,2,0,3,4,4
84D8-1A04,PR1914,5,5,3,2,1,3,3,3
DA17-A31F,PR1915,4,2,5,2,3,2,5,4
AB3B-98D9,PR1916,4,3,4,1,0,2,4,3
37D7-54B9,PR1917,5,2,3,2,0,4,4,4
9C7D-E1B1,PR1918,5,4,3,2,1,3,4,3
5EB3-47F6,PR1919,3,5,4,1,1,5,4,4
43DD-6998,PR192,5,2,2,3,0,2,4,3
F1A8-7140,PR1920,4,4,4,2,1,4,5,4
F546-D965,PR1921,3,5,5,3,1,2,3,2
4BED-C7C2,PR1922,3,3,3,2,2,4,4,3
040C-EDED,PR1923,4,2,5,1,0,2,4,4
B34E-95FF,PR1924,4,2,4,1,1,5,3,2
449E-0EB7,PR1925,3,4,2,1,1,2,4,3
0FC3-2572,PR1926,5,2,5,2,0,5,5,5
29AC-099C,PR1927,3,2,5,2,1,3,4,4
A42A-4000,PR1928,4,3,5,3,3,4,4,3
F83C-CA1D,PR1929,4,4,3,3,3,5,4,4
08E4-D3D5,PR193,5,3,4,2,2,5,4,4
2B5B-7A52,PR1930,5,5,2,2,2,5,3,3
66D5-3142,PR1931,5,4,4,2,0,5,3,2
0F53-9877,PR1932,4,2,3,2,0,3,4,3
4D95-ECAD,PR1933,5,2,4,3,1,2,4,3
D8B3-30D2,PR1934,4,2,3,2,0,5,5,5
29C2-1A3F,PR1935,5,3,4,3,1,5,3,2
BC5E-3B7B,PR1936,3,5,4,1,1,2,5,5
7A1F-F1A3,PR1937,3,2,5,3,3,2,4,3
AB61-2A7E,PR1938,5,3,4,2,0,5,4,3
5A29-B9F4,PR1939,5,5,5,2,1,5,5,4
939F-2461,PR194,4,4,3,3,1,5,4,4
98EE-8547,PR1940,5,5,3,1,3,3,5,4
E071-137E,PR1941,3,4,2,3,1,2,3,3
BD33-DB2F,PR1942,4,2,2,3,1,3,5,5
5000-8203,PR1943,5,4,4,2,3,2,4,3
626D-4669,PR1944,4,5,5,3,1,4,5,4
A067-9F4F,PR1945,5,2,4,3,2,3,4,4
E210-F193,PR1946,5,3,3,3,0,3,3,2
9DB8-F763,PR1947,5,3,4,1,0,4,5,4
E28D-424B,PR1948,5,4,5,1,1,2,5,4
D8F6-DED3,PR1949,5,5,2,1,2,4,5,4
4BE1-4A7B,PR195,4,5,5,3,3,2,5,4
8182-6AE6,PR1950,3,4,4,2,1,4,5,5
E55E-9436,PR1951,3,2,3,1,3,5,4,3
F9BA-C7C8,PR1952,3,3,2,2,3,2,3,2
9ED3-ED64,PR1953,3,3,2,1,1,5,5,4
9A9B-630B,PR1954,4,5,2,2,1,3,5,5
3C73-12A0,PR1955,4,2,2,2,1,3,3,2
D9AE-B32C,PR1956,5,2,5,1,1,5,4,4
A072-D80B,PR1957,4,2,4,3,0,3,5,5
781F-6C21,PR1958,5,2,2,1,1,4,5,4
E8D3-CABA,PR1959,5,2,3,2,0,3,3,2
666A-B076,PR196,4,4,5,1,1,2,4,3
6010-A052,PR1960,4,4,2,1,0,2,3,2
F0C3-4859,PR1961,5,3,4,3,2,3,3,3
0317-B7BC,PR1962,3,5,5,3,0,2,4,4
AFA8-5058,PR1963,3,2,5,2,0,2,4,4
0E85-1FC5,PR1964,5,3,4,1,1,2,4,3
874D-5D4C,PR1965,4,5,4,1,1,3,3,2
6C42-A719,PR1966,3,2,3,3,1,5,3,2
7BA2-EBDE,PR1967,4,4,4,3,0,4,5,4
00B0-F199,PR1968,4,2,4,2,1,4,5,4
6C7E-91CB,PR1969,3,3,2,2,1,3,4,4
4D07-1452,PR197,5,5,3,2,1,2,4,4
68D1-F434,PR1970,3,5,5,1,1,4,4,4
D4DF-162F,PR1971,3,3,5,3,2,3,5,5
BC43-E62B,PR1972,5,2,5,3,0,4,4,3
017D-0B97,PR1973,5,4,4,3,1,5,3,2
5AD2-3B02,PR1974,4,3,5,2,1,4,3,2
138C-2AEA,PR1975,3,3,2,3,2,5,5,5
4049-CF88,PR1976,5,4,3,2,1,4,3,2
0FEB-B474,PR1977,5,5,2,3,1,4,3,3
CC1D-5D73,PR1978,5,2,4,2,3,4,5,4
AACC-8B93,PR1979,4,4,5,3,3,5,5,5
D962-9E69,PR198,4,3,2,1,0,4,3,2
0592-D909,PR1980,4,5,5,3,0,4,5,4
3E42-57C8,PR1981,3,2,5,2,0,3,4,4
6313-8E62,PR1982,4,5,2,3,0,2,5,4
437C-4AD0,PR1983,5,4,2,2,0,2,5,4
03D9-FF08,PR1984,5,3,4,2,1,5,5,5
86C5-8987,PR1985,3,4,3,2,1,2,5,5
A1AB-EE7C,PR1986,4,2,3,1,1,3,3,3
5EE9-CFCF,PR1987,5,5,2,1,0,3,5,4
4846-2EC2,PR1988,5,2,5,1,0,3,3,3
9112-D01B,PR1989,4,3,3,2,3,2,3,2
7696-E50D,PR199,4,5,5,2,1,2,4,4
130F-32AB,PR1990,4,5,5,1,2,3,5,4
1E20-2FFF,PR1991,4,4,4,2,1,3,3,2
D676-2084,PR1992,3,4,5,2,3,5,5,5
1BEA-3835,PR1993,5,4,2,2,0,3,4,4
576B-6628,PR1994,5,2,4,2,3,4,3,3
3B2D-9E60,PR1995,3,2,2,3,1,4,4,4
5B0B-B105,PR1996,5,3,2,2,0,4,5,5
BE07-BE80,PR1997,4,4,3,3,2,5,4,4
5B38-57D2,PR1998,5,2,5,1,0,4,3,2
EC6E-7F42,PR1999,5,2,5,1,1,5,5,5
AE9F-5268,PR20,4,3,2,3,0,5,5,4
3F25-EF5E,PR200,5,5,5,3,0,4,3,3
1E2C-A267,PR2000,3,4,2,3,1,5,3,3
90C4-1053,PR2001,5,3,3,2,0,5,5,4
0210-E0D8,PR2002,3,2,4,2,0,5,4,4
45FF-ACE6,PR2003,5,4,5,3,1,2,5,5
FADE-8191,PR2004,3,4,3,2,3,4,5,5
817D-28CE,PR2005,5,4,5,2,1,3,3,3
47C9-BD11,PR2006,4,4,4,2,1,5,3,3
E267-D788,PR2007,5,2,5,1,1,2,4,3
B3A4-91F0,PR2008,5,5,3,2,2,3,4,3
F877-3BF9,PR2009,4,4,2,2,1,4,4,3
55DC-C0F0,PR201,5,4,2,3,1,4,4,3
AAD7-8DDC,PR2010,4,2,4,1,2,3,3,3
6B7D-82DB,PR2011,4,4,3,1,0,3,4,4
D014-7DB2,PR2012,3,3,3,2,2,2,3,3
61F3-DE78,PR2013,4,2,4,3,2,5,4,3
619D-D78F,PR2014,4,4,2,1,0,4,3,2
E6D9-ADEE,PR2015,5,4,4,2,3,5,5,4
06DE-E772,PR2016,5,4,5,1,0,4,4,4
C579-11D1,PR2017,5,2,2,1,1,3,3,3
0172-B5D2,PR2018,5,3,3,2,1,3,3,2
63E0-439B,PR2019,3,2,5,1,1,2,5,5
6957-5180,PR202,4,2,3,3,2,3,3,3
36A3-F0A5,PR2020,5,4,2,3,0,4,5,5
9671-222C,PR2021,5,3,4,1,0,3,4,4
55A7-8D82,PR2022,5,4,3,3,0,5,4,3
E6C8-D659,PR2023,3,5,4,2,1,4,3,2
46C8-1E24,PR2024,3,2,4,3,2,4,4,4
F3A3-10CE,PR2025,5,5,3,2,2,4,3,2
72D8-2284,PR2026,4,5,3,3,2,3,5,4
DE9A-5E67,PR2027,4,5,4,2,0,2,4,3
F126-8059,PR2028,4,2,2,2,2,4,5,5
BD70-7DAE,PR2029,3,5,5,2,2,4,4,3
8640-414A,PR203,4,5,4,2,0,3,4,3
F578-F0C8,PR2030,3,5,2,3,0,4,5,4
7F24-55A3,PR2031,4,4,3,1,1,5,3,2
0B49-32CD,PR2032,3,4,2,1,0,2,3,3
991F-BAF4,PR2033,3,3,4,3,0,5,3,2
BAE6-B5DE,PR2034,3,5,3,1,0,4,4,3
CFE3-312D,PR2035,5,5,2,2,3,5,4,4
F532-0DAF,PR2036,5,3,2,1,0,2,3,3
EC4D-D0F3,PR2037,3,3,3,3,2,2,3,2
9461-9439,PR2038,3,3,4,3,2,4,4,4
7CDB-25C4,PR2039,4,3,5,3,2,3,4,3
E2A0-930A,PR204,3,5,3,2,1,5,3,2
FD95-9EEB,PR2040,4,2,5,2,1,5,5,4
9536-9492,PR2041,3,2,5,1,1,4,3,3
1A7C-19DB,PR2042,4,4,4,1,0,3,4,4
CA1B-0302,PR2043,3,3,4,2,1,3,3,2
5795-08D3,PR2044,5,5,5,1,1,3,4,3
06B9-B79D,PR2045,5,3,2,3,0,4,3,2
A89C-9A1E,PR2046,5,5,3,2,0,5,5,4
781E-4257,PR2047,3,3,3,3,2,2,4,4
2D04-D0A5,PR2048,3,4,4,2,1,4,3,2
30CC-9AD8,PR2049,3,4,4,1,0,4,5,4
C96B-43C7,PR205,5,4,3,1,1,2,4,3
12E5-9BD1,PR2050,5,3,2,3,1,2,5,4
DF94-FD29,PR2051,4,3,3,1,1,3,5,4
23E6-A67A,PR2052,3,3,3,3,0,2,4,3
50FB-5702,PR2053,4,4,3,2,0,3,5,5
04E6-6B61,PR2054,3,3,2,2,1,3,3,2
3F5B-6277,PR2055,5,3,2,2,1,2,4,3
489B-14EC,PR2056,3,2,2,3,1,4,3,2
0F2B-3457,PR2057,3,4,2,2,1,5,3,2
3182-7F44,PR2058,3,5,3,1,2,2,4,4
08AC-30AB,PR2059,4,3,4,1,1,2,3,2
1368-8327,PR206,3,3,5,2,1,4,5,4
9758-DE2F,PR2060,3,2,5,1,1,2,5,4
10C9-925C,PR2061,5,5,2,2,1,3,5,5
B76C-D9CE,PR2062,5,3,5,3,0,3,3,3
56FC-5C6E,PR2063,5,4,2,3,0,4,4,4
218E-AB6F,PR2064,5,2,5,3,0,4,5,4
B0C2-0E3D,PR2065,3,5,4,3,1,5,3,2
D1C6-25BE,PR2066,4,2,4,3,0,4,3,2
801E-9D0E,PR2067,3,3,2,3,0,5,4,3
48B9-8A61,PR2068,5,2,4,2,0,3,4,4
4C88-27A1,PR2069,3,4,2,1,2,4,4,4
C4F0-F933,PR207,3,2,3,2,1,3,5,5
8A18-9075,PR2070,5,4,2,3,0,5,3,2
76FD-F574,PR2071,4,4,2,1,2,3,3,2
81C2-E188,PR2072,3,4,2,3,0,3,5,4
C768-BBF8,PR2073,4,4,2,3,0,4,4,3
8B79-18F1,PR2074,3,3,5,2,0,2,3,3
7FA1-BC64,PR2075,5,5,3,3,3,5,3,2
6FA6-DBB9,PR2076,5,4,4,2,0,5,3,2
4B7E-9DE5,PR2077,3,5,3,3,1,5,4,3
7B30-BAC8,PR2078,3,4,4,3,0,4,3,2
F220-AAA6,PR2079,3,3,2,1,2,3,5,4
20BA-5868,PR208,4,3,5,2,0,3,4,4
E9AB-3F99,PR2080,4,4,3,1,2,3,3,3
40BE-EEAF,PR2081,5,2,2,1,0,4,3,2
1787-DF90,PR2082,3,3,5,2,0,5,5,4
3F3F-E438,PR2083,3,2,3,1,1,2,4,3
F573-D043,PR2084,3,4,2,2,1,4,3,2
8C57-8F84,PR2085,3,3,2,3,3,2,5,5
974D-9F8F,PR2086,5,4,3,3,0,5,3,2
D92F-63AD,PR2087,3,4,3,3,1,5,5,4
617A-5092,PR2088,4,5,4,2,0,4,3,2
55FD-42E9,PR2089,4,5,5,1,1,5,5,4
9E87-533E,PR209,5,4,4,1,3,5,4,3
4C06-7031,PR2090,4,4,2,2,0,5,4,3
3D47-6A75,PR2091,5,4,2,1,1,2,5,4
AF5D-A8C8,PR2092,5,3,4,2,2,4,5,4
B0C8-E3DF,PR2093,3,3,3,2,3,2,5,4
AA19-95BD,PR2094,4,3,5,2,0,5,4,3
B347-DA2D,PR2095,4,5,3,3,0,2,3,3
AFC3-E23F,PR2096,4,5,2,3,1,5,5,4
217C-7180,PR2097,3,4,5,2,2,4,4,3
4FA9-D343,PR2098,3,3,4,1,2,5,5,4
A2AE-FD61,PR2099,5,3,2,3,1,5,3,3
B0B9-19C6,PR21,3,3,2,3,2,5,4,4
AFDF-3DA8,PR210,5,4,2,1,1,2,4,3
8533-B8FA,PR2100,5,4,4,2,3,4,3,3
ADB8-7B07,PR2101,3,4,3,1,0,3,5,4
0D60-C312,PR2102,3,2,2,1,3,5,5,5
A6AA-56AE,PR2103,3,5,3,3,1,4,5,4
31E1-001F,PR2104,3,3,3,2,1,5,3,2
6731-1425,PR2105,5,2,5,2,0,5,5,4
1A82-AF2C,PR2106,5,2,3,1,0,2,5,5
D6BA-10A1,PR2107,5,2,5,2,2,4,5,5
F3D0-41D1,PR2108,5,3,4,1,1,2,5,5
1053-41B1,PR2109,5,3,2,3,3,2,4,3
BC21-2167,PR211,4,2,5,3,0,2,3,2
DDAC-D5FD,PR2110,5,3,5,3,0,5,5,5
8941-0BAC,PR2111,5,4,5,2,1,4,4,3
AA3A-EC19,PR2112,5,4,2,3,3,4,5,5
DDBF-9C79,PR2113,5,3,5,1,0,5,5,5
6819-65F3,PR2114,5,4,5,2,2,4,3,3
3BAB-C57E,PR2115,4,4,3,3,3,5,5,4
BC20-368E,PR2116,3,2,3,1,2,5,4,3
F3AE-DEF2,PR2117,3,2,4,3,0,5,3,2
F5B1-A266,PR2118,5,3,2,2,0,2,4,3
2EB9-9D31,PR2119,4,5,3,2,0,4,3,3
556B-374A,PR212,5,4,3,2,0,3,3,3
0B9A-B6DE,PR2120,4,2,4,2,2,2,4,3
D6F0-006B,PR2121,5,5,3,3,1,2,3,2
51A4-EA6E,PR2122,3,4,2,1,1,2,3,2
3412-9077,PR2123,4,4,2,2,1,5,3,3
6EB1-8442,PR2124,4,2,4,1,2,2,4,4
954A-3829,PR2125,5,2,5,2,1,2,5,4
4F1D-6F75,PR2126,4,5,4,2,0,4,5,4
2BE9-93DB,PR2127,5,4,3,1,0,3,3,3
ED6C-4287,PR2128,4,3,4,2,1,3,5,5
6A3B-A838,PR2129,5,4,3,3,1,5,5,5
D4FD-785B,PR213,3,2,4,2,1,2,5,5
BAA6-30C4,PR2130,3,4,2,2,0,5,3,2
A81C-AB62,PR2131,3,2,4,2,0,3,3,2
001A-8F88,PR2132,5,3,2,2,2,3,3,3
86F7-CA91,PR2133,4,4,3,3,2,2,4,4
EC6A-DD76,PR2134,5,5,4,1,0,4,3,3
F346-3882,PR2135,4,2,4,1,2,4,4,3
BBEF-AC35,PR2136,4,3,4,3,1,4,3,3
AF04-23EA,PR2137,5,5,2,1,0,5,5,5
1A9A-17A3,PR2138,5,5,2,2,1,3,5,4
E164-4C29,PR2139,4,2,3,3,0,4,5,4
C9F5-9B2C,PR214,5,2,2,3,2,3,4,3
F852-C94D,PR2140,3,3,4,2,1,4,4,3
AD81-458F,PR2141,5,4,4,3,2,2,4,3
DD00-92BB,PR2142,5,2,2,3,0,4,5,4
3DBF-E552,PR2143,5,5,3,1,0,3,3,3
C14B-814C,PR2144,5,2,5,1,0,4,4,4
1705-0DE5,PR2145,5,5,2,3,2,3,3,3
0BEE-FC20,PR2146,3,4,2,3,0,2,5,5
7815-7CAF,PR2147,4,4,5,1,0,5,3,2
9404-5428,PR2148,3,3,2,1,2,2,3,3
5F99-4E0B,PR2149,4,5,5,3,3,3,3,2
B70F-B17D,PR215,5,2,4,1,3,3,3,2
8CF5-DC74,PR2150,4,5,3,3,0,3,4,4
11F9-3526,PR2151,4,3,4,1,1,2,4,3
054A-0B94,PR2152,3,3,4,3,1,5,3,3
3F9D-8094,PR2153,5,4,5,1,0,4,5,4
F33A-9C7F,PR2154,3,5,3,1,0,3,5,4
F991-17F5,PR2155,5,2,5,2,0,2,4,4
5F95-70A3,PR2156,4,5,5,1,0,2,3,2
3CCD-CF5F,PR2157,5,3,5,2,1,4,4,3
D5BA-1C8B,PR2158,5,2,5,1,1,3,3,2
1C86-C072,PR2159,3,3,2,3,1,4,4,3
6064-D1F0,PR216,5,4,5,3,0,3,5,5
AD0D-E79F,PR2160,4,2,5,2,0,4,3,3
0375-2F04,PR2161,4,3,4,3,0,3,5,4
D8FC-E2F7,PR2162,5,3,2,3,0,4,3,3
5C56-DA86,PR2163,4,5,5,1,0,4,5,4
DFDC-286C,PR2164,5,4,2,2,2,5,3,2
7985-EB3D,PR2165,4,2,5,2,1,4,3,2
0C54-705D,PR2166,5,4,5,1,1,3,3,3
E529-A8FA,PR2167,3,5,5,3,1,5,4,3
4DE2-9EB3,PR2168,4,3,3,1,1,2,5,4
37DA-C03F,PR2169,5,3,4,3,2,5,5,5
A663-B3DF,PR217,4,2,4,2,2,2,3,2
F9D2-5579,PR2170,4,5,4,3,1,2,5,5
0C5B-2EF4,PR2171,4,3,2,3,1,4,4,3
C509-6E46,PR2172,3,2,3,2,2,5,3,3
7AA0-5766,PR2173,4,3,2,3,2,5,4,3
8E8F-DDC8,PR2174,3,2,2,3,1,2,5,4
03D5-622D,PR2175,5,3,4,1,2,4,5,5
C28E-0CC3,PR2176,5,4,5,1,1,5,5,4
EB66-D679,PR2177,5,4,3,3,2,3,4,3
BEBB-3E92,PR2178,4,2,4,2,1,3,5,5
E911-EAF3,PR2179,5,5,2,2,2,4,5,5
0602-02AB,PR218,4,2,3,1,1,3,4,4
860E-0FA9,PR2180,5,4,4,3,2,3,5,5
7A98-768E,PR2181,4,2,2,1,1,2,4,3
A5CD-8AB8,PR2182,5,2,2,3,2,5,5,5
4268-9EAD,PR2183,4,4,4,2,0,2,5,4
B324-A703,PR2184,5,5,4,3,3,5,4,3
A12D-DAF8,PR2185,5,3,4,3,0,3,5,4
135D-DF79,PR2186,5,4,4,3,0,3,4,4
078A-E0F5,PR2187,4,3,4,3,0,5,3,2
401F-CC71,PR2188,4,4,4,3,2,5,5,5
141B-D354,PR2189,4,4,2,2,3,5,3,2
2EC6-E2E0,PR219,3,4,3,3,1,4,3,2
9F17-01F4,PR2190,3,4,5,1,0,4,4,3
93FF-A33D,PR2191,3,2,2,3,2,2,4,4
FD1A-92C2,PR2192,3,2,3,3,3,5,5,4
A687-74F8,PR2193,3,5,4,1,3,2,4,4
ECDA-E9F0,PR2194,4,3,4,2,1,4,3,3
22C9-83A6,PR2195,4,3,5,1,0,3,4,3
F469-0427,PR2196,3,3,5,1,1,5,3,2
3051-927B,PR2197,4,2,5,2,1,5,4,4
1EA5-85A8,PR2198,3,5,5,1,0,4,5,4
E861-52CB,PR2199,4,4,3,3,3,5,5,4
91C3-F892,PR22,5,2,2,3,1,2,4,4
B6B9-E5BE,PR220,4,5,4,2,1,2,4,4
5C28-D944,PR2200,5,3,4,1,0,2,5,4
E8B6-8BAE,PR2201,3,4,2,3,2,5,4,3
3A0A-B70A,PR2202,4,5,2,1,1,4,4,4
812D-7475,PR2203,5,2,2,1,1,2,4,3
38D7-6BB9,PR2204,4,4,3,1,3,5,5,5
28CA-379D,PR2205,4,4,5,3,0,4,4,3
7A23-F185,PR2206,4,4,3,2,2,3,3,3
598D-E3B4,PR2207,5,2,4,1,0,3,5,5
64C2-2806,PR2208,5,5,2,2,2,5,5,4
6BC3-7371,PR2209,5,5,4,2,2,2,5,5
46E1-5086,PR221,3,2,5,2,1,2,4,3
4626-5168,PR2210,3,3,5,2,1,5,4,3
AA6C-B0D6,PR2211,4,3,4,3,1,2,4,4
EFF6-9543,PR2212,3,2,5,3,1,5,5,4
56D1-790E,PR2213,5,2,5,1,3,2,4,4
531D-788E,PR2214,5,3,2,3,1,3,4,4
1480-131D,PR2215,4,5,2,1,0,4,5,5
8700-828F,PR2216,4,3,4,1,0,4,4,3
9C71-61AE,PR2217,3,4,5,3,1,5,5,5
B77D-2FBD,PR2218,4,4,4,3,0,3,3,3
5A8A-1547,PR2219,3,4,2,1,0,2,4,3
7CFC-C4DA,PR222,5,2,5,3,2,5,3,3
A409-0113,PR2220,4,4,4,3,1,2,3,2
543B-0EE5,PR2221,4,3,5,3,1,4,3,3
4795-4D3F,PR2222,5,3,5,2,2,3,4,3
BE54-B2AF,PR2223,4,5,4,2,0,3,4,3
2114-EC1F,PR2224,3,4,2,3,0,4,3,2
CA98-86ED,PR2225,3,4,4,1,1,5,3,3
5DBA-93C9,PR2226,5,4,5,1,0,5,5,5
C3C0-349E,PR2227,5,3,3,2,0,2,3,2
CAA0-3971,PR2228,5,3,3,2,2,3,4,3
32F1-6903,PR2229,4,3,4,1,2,4,5,5
D186-CBF5,PR223,5,2,2,2,0,4,3,3
E681-7B57,PR2230,4,5,4,3,0,5,3,3
14CF-051D,PR2231,3,3,5,3,1,2,3,2
6576-8773,PR2232,4,2,2,2,1,3,5,5
ECD4-3FF7,PR2233,4,2,4,1,0,2,5,4
B727-FCF9,PR2234,3,5,2,1,1,4,3,3
26A0-5791,PR2235,5,4,4,2,2,5,3,2
CF4C-5525,PR2236,5,5,5,1,0,4,4,4
F749-A0E8,PR2237,3,5,4,3,0,4,3,2
422B-53AC,PR2238,5,5,2,2,1,5,3,2
AAD3-BCC1,PR2239,5,3,4,3,0,2,5,4
F245-F338,PR224,3,3,2,3,2,3,3,2
921D-AE10,PR2240,4,4,5,2,1,2,4,4
6280-B47F,PR2241,3,5,5,3,2,4,4,4
00E4-3D60,PR2242,4,3,3,3,3,2,5,5
E368-3CF3,PR2243,3,2,3,3,1,3,3,2
7B84-8387,PR2244,5,4,2,3,1,5,5,4
D380-A175,PR2245,5,3,4,2,3,3,4,4
078D-B654,PR2246,5,3,2,1,1,3,4,4
F1A4-58F5,PR2247,5,5,3,2,3,5,3,3
D6AB-ED90,PR2248,3,3,3,1,0,4,3,3
0D92-C1D0,PR2249,5,2,2,3,0,3,3,2
A3AE-B510,PR225,3,5,4,2,2,3,3,3
C1BA-AB7C,PR2250,4,4,5,3,3,3,4,4
FBAF-649F,PR2251,4,4,3,2,0,2,4,4
F45B-1442,PR2252,4,4,3,1,1,5,5,4
DB6C-3B2F,PR2253,5,2,3,1,0,4,3,3
DC50-0336,PR2254,4,4,3,2,1,4,3,2
D051-2C2D,PR2255,5,2,4,1,1,5,5,4
FC2A-4F21,PR2256,5,3,2,3,0,5,5,4
4044-F6D4,PR2257,3,3,5,2,0,3,3,3
380E-44B4,PR2258,4,2,3,2,1,3,4,3
D8E6-5593,PR2259,4,5,4,2,3,2,4,4
116F-33F1,PR226,4,5,2,3,1,5,3,2
D210-D451,PR2260,5,2,2,3,0,3,5,4
7ED6-BEC8,PR2261,4,4,3,3,3,3,3,2
C4F7-E118,PR2262,3,5,2,2,1,2,5,5
1268-3038,PR2263,3,3,3,3,2,5,5,4
6725-A678,PR2264,3,5,2,2,2,4,5,4
5154-0F13,PR2265,5,4,3,3,3,4,3,2
6135-885F,PR2266,4,5,4,2,0,4,4,4
E496-0D9E,PR2267,3,2,4,3,1,3,3,2
DC3D-9231,PR2268,4,5,2,3,2,5,5,5
CE47-9991,PR2269,4,2,2,3,3,3,3,2
B140-AF36,PR227,4,3,2,2,2,5,3,3
B684-6C98,PR2270,5,2,2,2,1,5,4,3
30CC-0FDE,PR2271,5,4,5,3,3,2,3,3
5E73-CE19,PR2272,4,4,4,2,1,5,5,4
E442-5985,PR2273,4,3,5,2,2,4,4,4
6614-06D8,PR2274,3,4,2,3,3,4,4,4
372C-E204,PR2275,4,2,5,1,1,2,5,4
A4FE-424E,PR2276,3,5,5,1,1,3,5,5
6A2B-42DB,PR2277,5,5,4,2,1,4,5,5
5021-423E,PR2278,4,3,5,2,0,4,5,5
E3B6-49F8,PR2279,4,3,4,1,1,2,5,4
04D3-B8D3,PR228,5,4,2,3,1,2,4,4
964B-0E97,PR2280,4,2,5,3,2,3,4,3
2BF6-ACD3,PR2281,4,2,4,3,2,4,4,3
6163-2BE8,PR2282,5,3,2,1,0,5,3,3
5982-CF7A,PR2283,4,2,3,2,1,5,3,3
6051-1F41,PR2284,3,4,2,3,1,2,5,4
63BF-A86A,PR2285,4,2,4,1,2,4,4,4
6D1C-BAF1,PR2286,3,4,2,2,1,5,4,3
CE3C-15A7,PR2287,3,2,4,1,1,3,4,3
4A5B-6102,PR2288,5,3,4,3,2,2,5,5
018B-DF1E,PR2289,3,3,4,1,0,2,4,4
611A-F218,PR229,5,5,5,3,2,2,3,2
9C97-B634,PR2290,3,4,4,2,1,5,5,4
39A2-9B0A,PR2291,3,4,4,1,0,5,5,5
C472-DAAD,PR2292,3,5,2,1,0,4,4,4
3E4A-F28F,PR2293,4,3,4,2,0,4,5,4
1CB3-F7D7,PR2294,4,3,4,2,0,5,4,3
F062-0B8F,PR2295,4,5,2,2,3,3,3,2
B005-602F,PR2296,4,5,4,2,1,2,3,3
A08B-F4B1,PR2297,5,2,4,1,0,3,3,3
8695-09EC,PR2298,4,3,5,1,0,4,4,3
7563-AFCC,PR2299,3,2,5,3,1,4,5,5
FF42-EA28,PR23,3,4,4,3,2,3,5,4
23B5-93C9,PR230,5,3,2,1,1,2,4,4
9160-043F,PR2300,4,2,4,1,0,3,3,3
45F9-3A37,PR2301,5,5,3,1,1,4,5,4
542E-321D,PR2302,3,3,5,1,0,2,5,4
06E8-4FD4,PR2303,5,4,2,1,1,2,3,2
06B1-2653,PR2304,4,5,2,2,1,3,3,3
CB16-C876,PR2305,5,3,4,3,1,5,5,5
8A34-59DF,PR2306,4,2,2,3,0,5,5,4
85B2-41F5,PR2307,3,3,3,1,1,2,5,4
324B-F4DF,PR2308,5,5,2,2,1,3,3,3
8B55-CBEC,PR2309,4,2,2,2,1,4,5,5
CABE-0B62,PR231,4,3,3,3,1,3,3,3
467E-977A,PR2310,3,2,3,3,0,5,4,3
6FB9-A624,PR2311,3,2,3,1,1,3,3,3
EBF4-5928,PR2312,4,4,5,1,0,4,5,5
60E6-B1D9,PR2313,3,2,5,1,0,5,5,5
84D4-D4C3,PR2314,3,4,2,3,1,2,3,3
